Nome,Site,Tipo de Site,Instagram,Duvidoso,Oportunidade
Outros500 Bar & Restaurante - (São Pedro da Aldeia),http://www.outros500loungebar.com.br/,Site próprio,,,Já está nas redes
Boteco Seu Osmar,,,https://www.instagram.com/botecoseuosmarsaopedro/,Não,Já está nas redes
Gentileza Carioca Restaurante - São Pedro da Aldeia,http://www.bit.ly/deliverygentilezaspa,Site próprio,,,Já está nas redes
Aldeia grill,,,,,Não está nas redes
O Klein - Restaurante e Gastrobar,http://www.oklein.comercio.net.br/,Site próprio,,,Já está nas redes
Office Café São Pedro da Aldeia,https://sites.google.com/view/officecafesaopedro/home,Site próprio,,,Já está nas redes
Poié Bistrô,,,,,Não está nas redes
The Bull Grill,https://linktr.ee/thebullgrill,Site próprio,,,Já está nas redes
Restaurante Delícias da Lagoa,,,https://www.instagram.com/deliciasdalagoaa/,Não,Já está nas redes
Restaurante Q'Delícia SPA,,,https://www.instagram.com/qdeliciaspa/,Não,Já está nas redes
Sabor Familia,,,,,Não está nas redes
Kintal do Zé,,,https://www.instagram.com/kintaldoze_spa/,Não,Já está nas redes
Cantinho do Peixe,https://m.facebook.com/cantinhodopeixerest/?locale2=pt_BR,Facebook,,,Já está nas redes
Döneria São Pedro da Aldeia,https://www.instagram.com/doneria.spa,Instagram,https://www.instagram.com/doneria.spa,,Já está nas redes
Pastelô Sabores da Aldeia - Pastéis e muito mais,,,,,Não está nas redes
The Bull Restaurant,https://linktr.ee/thebullrestaurant,Site próprio,,,Já está nas redes
Tempero Aldeense,,,,,Não está nas redes
Portuga Spa,https://www.instagram.com/portugasaopedro,Instagram,https://www.instagram.com/portugasaopedro,,Já está nas redes
Meza Forneria,,,https://www.instagram.com/mezaforneria/,Não,Já está nas redes
Arô Gastronomia,,,,,Não está nas redes
Cantina Dom Fish,https://www.facebook.com/restaurantedomfish/,Facebook,,,Já está nas redes
"Embrasado: Tudo na Brasa - Costela no Bafo, Frango na Brasa & Churrasco",,,,,Não está nas redes
Bar e Restaurante Lua Estrela- São Pedro da Aldeia RJ,,,https://www.instagram.com/restauranteluaestrela/,Não,Já está nas redes
Restaurante Cheiro Verde Comida Caseira,,,https://www.instagram.com/cheiroverdespa/,Não,Já está nas redes
Pupe's Restaurante,,,,,Não está nas redes
Casa do Caranguejo SPA,,,,,Não está nas redes
Trekos sabores,https://www.instagram.com/trekossabores?igsh=MXhqajZra3kxbjg5Mg==,Instagram,https://www.instagram.com/trekossabores?igsh=MXhqajZra3kxbjg5Mg==,,Já está nas redes
Casa do Cheff São Pedro da Aldeia,,,https://www.instagram.com/casadocheffspa/,Não,Já está nas redes
Pastel & CIA,,,,,Não está nas redes
Don Fratelli Pizzaria - São Pedro da Aldeia,http://instagram.com/donfratellispapizzaria,Instagram,http://instagram.com/donfratellispapizzaria,,Já está nas redes
Restaurante Sabor da Aldeia,https://app.menudino.com/sabordaaldeia,Site próprio,,,Já está nas redes
Nana Restaurante,,,,,Não está nas redes
Ultima Rodada,,,,Instagram não detectado,Não está nas redes
Maná Restaurante,,,,,Não está nas redes
Açaí do Forte - São Pedro,,,,,Não está nas redes
Cantinho do Goiano,,,,Sim,Não está nas redes
Restaurante Cantinho das Mulatas,,,,,Não está nas redes
Marta Tortas unidade São pedro,,,,,Não está nas redes
Restaurante Vira Prato,,,,Instagram não detectado,Não está nas redes
Toshi Conceito,,,,,Não está nas redes
Pizzaria Don Leal,https://www.donlealdelivery.com.br/,Site próprio,,,Já está nas redes
Paelo Hamburgueria,https://paelo.com.br/delivery/,Site próprio,,,Já está nas redes
Na Marra 24h | Restaurante 24h | Comida Caseira | Buffet Livre | Lanchonete | Delivery | Restaurante Familiar | Choperia,,,,Instagram não detectado,Não está nas redes
Hilda,,,,,Não está nas redes
Cantina Crer e Ser,,,https://www.instagram.com/cantina.crereser/,Não,Já está nas redes
Fumazza Burger Defumado,https://fumazza.com/,Site próprio,,,Já está nas redes
UaiÇai Sucos e Vitaminas - São Pedro da Aldeia,,,,Instagram não detectado,Não está nas redes
Restaurante Recanto da Aldeia,https://m.facebook.com/RestauranteRecantoDaAldeia,Facebook,,,Já está nas redes
Mayarcos Salgados,https://app.anota.ai/m/k_fp10ITw,Site próprio,,,Já está nas redes
JACK - Restaurante - comida caseira,,,,Sim,Não está nas redes
Mar Azul Restaurante e Pizzaria,https://www.instagram.com/marazulsaopedro/,Instagram,https://www.instagram.com/marazulsaopedro/,,Já está nas redes
El Rancho,https://elrancho.comercio.net.br/,Site próprio,,,Já está nas redes
Quentinhas Express,,,,Instagram não detectado,Não está nas redes
Restaurante Paladar e Sabor,,,,,Não está nas redes
Pizzaria Parenzo,,,https://www.instagram.com/pizzariaparenzo/,Não,Já está nas redes
Casarão do Açaí - São Pedro da Aldeia Oficial,,,,Sim,Não está nas redes
Battousai Culinária Oriental,https://www.battousaisushi.com.br/,Site próprio,,,Já está nas redes
Ben's Açai São Pedro da Aldeia (Centro),,,,,Não está nas redes
Hamburgueria Garage,https://instagram.com/hamburgueria.garage?igshid=Zjc2ZTc4Nzk=,Instagram,https://instagram.com/hamburgueria.garage?igshid=Zjc2ZTc4Nzk=,,Já está nas redes
Nobre Salgados e Hamburgueria - São Pedro da Aldeia,http://www.nobrepedidos.com.br/,Site próprio,,,Já está nas redes
Lanchonete Estação,https://instadelivery.com.br/LanchoneteEstacao,Site próprio,,,Já está nas redes
Lanchonete Coxinha e Cia,https://instagram.com/lanchonetecoxinhaecia?igshid=YmMyMTA2M2Y=,Instagram,https://instagram.com/lanchonetecoxinhaecia?igshid=YmMyMTA2M2Y=,,Já está nas redes
Lanchonete e pastelaria Capixaba.Rio,,,,,Não está nas redes
Atacadão de Sorvetes Eskimó São Pedro da Aldeia,https://www.facebook.com/EskimoSorvetesSaoPedroDaAldeia/,Facebook,,,Já está nas redes
Nossa hamburgueria,http://www.nossahamburgueria.com.br/,Site próprio,,,Já está nas redes
Empadas do Rei,http://facebook.com.br/empadasdoreiregiaodoslagos,Facebook,,,Já está nas redes
Lanchonete Bom de Boca,,,,,Não está nas redes
Smart Lanches,,,https://www.instagram.com/smart.lanche/,Não,Já está nas redes
Jow Hamburgueria,http://jowhamburgueria.saipos.com/,Site próprio,,,Já está nas redes
Empada Praiana SPA,,,https://www.instagram.com/empadapraianaspa/,Não,Já está nas redes
Oggi Sorvetes São Pedro da Aldeia,https://www.instagram.com/oggispaldeia,Instagram,https://www.instagram.com/oggispaldeia,,Já está nas redes
Larica’s Lanches,https://m.facebook.com/laricas.lc.37,Facebook,,,Já está nas redes
Casa do bocão,,,,,Não está nas redes
Point do Leal Acaiteria,,,,,Não está nas redes
Sol e Neve Açaiteria e Sorveteria self service,,,,,Não está nas redes
YAKISOBA DO CHEFF,,,,Sim,Não está nas redes
Micheli Doces e Salgados,,,,,Não está nas redes
Panificação e Lanchonete Portal de São Pedro da Aldeia,,,,,Não está nas redes
Master Burguer,,,,,Não está nas redes
Kanna Cabana,,,,Instagram não detectado,Não está nas redes
Beijo Frio Açaí & Sorveteria - São Pedro da Aldeia,,,https://www.instagram.com/beijofrioacaiteria/,Não,Já está nas redes
Exagerado Pizzas e Lanches,http://facebook.com/exageradodelivery,Facebook,,,Já está nas redes
Sabores da Aldeia,,,https://www.instagram.com/sabores.da.aldeia/,Não,Já está nas redes
LancheBar,http://lanchebar.lovable.app/,Site próprio,,,Já está nas redes
Tutuba Lanches,,,,,Não está nas redes
Chiquinho Sorvete,,,,,Não está nas redes
Zap Burguer's,https://instadelivery.com.br/zapburguers,Site próprio,,,Já está nas redes
PopChickenspa,,,,,Não está nas redes
Studio Miguel Suisso,,,,,Não está nas redes
Studio Ana paula costa ( salão de beleza ),,,,,Não está nas redes
Salão de Beleza Ágape,https://www.facebook.com/salaodbelezaagape,Facebook,,,Já está nas redes
Salão de Beleza TD Concept - Studio de Beleza,https://www.facebook.com/profile.php?id=61566889733352&mibextid=ZbWKwL,Facebook,,,Já está nas redes
Espaço Tayane Moraes,https://www.instagram.com/tayane_moraes22,Instagram,https://www.instagram.com/tayane_moraes22,,Já está nas redes
Salão de Beleza MAKSE CONCEPT | UNIDADE SÃO PEDRO DA ALDEIA,http://maksepro.com/concept,Site próprio,,,Já está nas redes
Cris Santos Studio de Beleza,,,https://www.instagram.com/crissantos.studiodebeleza/,Não,Já está nas redes
Cris Rodrigues Beleza e Estética,,,,,Não está nas redes
Stúdio de Beleza Michelle Andrade,,,,,Não está nas redes
Studio Hevelin Magalhães,,,,,Não está nas redes
Studio Alexandra Unhas e Cabelos,,,https://www.instagram.com/studio_alexandracabelos/,Não,Já está nas redes
Ka Studio beleza express,,,,,Não está nas redes
Studio SAV•RE New Concept,https://instagram.com/sav_remakehair?igshid=NjIwNzIyMDk2Mg==,Instagram,https://instagram.com/sav_remakehair?igshid=NjIwNzIyMDk2Mg==,,Já está nas redes
Vitor Mariano | Salão de Beleza,https://online.maapp.com.br/StudioVitorMariano,Site próprio,,,Já está nas redes
Studio Bless,https://www.instagram.com/studioblesss/,Instagram,https://www.instagram.com/studioblesss/,,Já está nas redes
Casa Eco Beauty,https://www.instagram.com/casaecobeauty_?igsh=MTQ2NGNibHpodnd3MQ==,Instagram,https://www.instagram.com/casaecobeauty_?igsh=MTQ2NGNibHpodnd3MQ==,,Já está nas redes
Studio Zizi Santos,,,,Instagram não detectado,Não está nas redes
Império Make e Hair,,,,,Não está nas redes
Studio Natalya Costa designer,https://api.whatsapp.com/send?phone=5522997344511&text=Quero%20agendar,Site próprio,,,Já está nas redes
Instituto Ferreira Coiffeur,https://l.instagram.com/?u=https://www.salao99.com.br/institutoferreiracoiffeur&e=AT1k7cwQfPR3Ly03rHoghDf3s6Snakl4pXmDFyJ0phKsNDi9OFDCZE2HghLWco8IiO0DJmzuWmfuzQIO3YGIKekh7-YMIHERtExEILg,Instagram,https://l.instagram.com/?u=https://www.salao99.com.br/institutoferreiracoiffeur&e=AT1k7cwQfPR3Ly03rHoghDf3s6Snakl4pXmDFyJ0phKsNDi9OFDCZE2HghLWco8IiO0DJmzuWmfuzQIO3YGIKekh7-YMIHERtExEILg,,Já está nas redes
Caroline Rezende Studio Design,https://www.instagram.com/carolinerezendestudiodesign,Instagram,https://www.instagram.com/carolinerezendestudiodesign,,Já está nas redes
Studio Lorraine Barradas,http://sites.google.com/view/studiolorrainebarradas/,Site próprio,,,Já está nas redes
Studio Chic,,,,,Não está nas redes
Ro Alves Nails Designer,,,,Instagram não detectado,Não está nas redes
ThaBeauty Studio,,,,Sim,Não está nas redes
Studio Beatriz Alves,http://studiobeatrizalves.com.br/,Site próprio,,,Já está nas redes
Beleza Autêntica Salão,https://www.instagram.com/belezaautentica.salao?igsh=bmE4b3hqZXFhbm43,Instagram,https://www.instagram.com/belezaautentica.salao?igsh=bmE4b3hqZXFhbm43,,Já está nas redes
Espaço Espelho Meu - Salão de Beleza em São Pedro da Aldeia,https://www.instagram.com/espelhomeu_blz/,Instagram,https://www.instagram.com/espelhomeu_blz/,,Já está nas redes
Studio Geovana Cabral,https://www.instagram.com/geovanacabral.studio?igsi=MzVwdWlhenQycmsw,Instagram,https://www.instagram.com/geovanacabral.studio?igsi=MzVwdWlhenQycmsw,,Já está nas redes
Show Beleza,https://www.instagram.com/showbeleza/,Instagram,https://www.instagram.com/showbeleza/,,Já está nas redes
SALÃO FÁBIMI,https://avec.app/studiofabianamiranda/,Site próprio,,,Já está nas redes
Espaço 21 Salão,,,,Instagram não detectado,Não está nas redes
Studio Fabiany Amorim,https://instagram.com/fabianyamorimpmu?utm_medium=copy_link,Instagram,https://instagram.com/fabianyamorimpmu?utm_medium=copy_link,,Já está nas redes
Romance Esmalteria e Estética,,,,Instagram não detectado,Não está nas redes
Thaís Soares Studio Hair,,,,,Não está nas redes
Studio de Estética Dalila Santana,,,,Instagram não detectado,Não está nas redes
Nayara Netto Conceito,,,,,Não está nas redes
Ana Nóbrega Studio Hair,,,,,Não está nas redes
Salão Sena Barbearia,,,,Sim,Não está nas redes
Studio Jaqueline Moraes - Beauty Executive,,,,Instagram não detectado,Não está nas redes
Studio Erica Lourenço / maquiadora,,,,Instagram não detectado,Não está nas redes
Lillie Bi Esmalteria e Estética,https://linktr.ee/lilliebi_esmalteria?utm_source=linktree_profile_share,Site próprio,,,Já está nas redes
MR Fashion Hair,,,,,Não está nas redes
Studio Prolongando Vidas,,,,,Não está nas redes
Ngansop Cabelos São Pedro da Aldeia,,,,,Não está nas redes
Studio Menezes Salão de Beleza,,,,,Não está nas redes
Fran Marinho makeup,https://frangatinhamarinho.wixsite.com/franmarinhomakeup,Site próprio,,,Já está nas redes
Giangareli | Estética,,,,Instagram não detectado,Não está nas redes
Studio Couto,,,,,Não está nas redes
Studio Fique Bella - SPA,,,,,Não está nas redes
Lívia Sedano - Cabeleireira especialista em mechas.,https://www.instagram.com/liviasedano/,Instagram,https://www.instagram.com/liviasedano/,,Já está nas redes
Cássia de Leon Beauty,https://www.instagram.com/cassia.beauty_?igsh=MTdpYzFiaHRvajZhOQ==&utm_source=qr,Instagram,https://www.instagram.com/cassia.beauty_?igsh=MTdpYzFiaHRvajZhOQ==&utm_source=qr,,Já está nas redes
"Grazielle Lemos | Cílios, Sobrancelha e Remoção a Laser",https://www.instagram.com/graziellelemos.beauty?igsh=NHkyNzN0MXh6aW0w&utm_source=ig_contact_invite,Instagram,https://www.instagram.com/graziellelemos.beauty?igsh=NHkyNzN0MXh6aW0w&utm_source=ig_contact_invite,,Já está nas redes
Nakelly Studio de beleza,,,,,Não está nas redes
QCristina Studio de Beleza & Estética,https://sites.google.com/view/qcristinastudiobyesttica/in%C3%ADcio,Site próprio,,,Já está nas redes
Studio Bellas - Miriam Neves,,,,Instagram não detectado,Não está nas redes
Espaço Mari Valejo,,,,,Não está nas redes
Styllo Diva's,,,,,Não está nas redes
Clínica Jô Lima Micropigmentação e Estética,,,,Instagram não detectado,Não está nas redes
Gloria Vieira Estética e Terapias Integradas,https://instagram.com/gloriavieiraesteticista?igshid=NDk5N2NlZjQ=,Instagram,https://instagram.com/gloriavieiraesteticista?igshid=NDk5N2NlZjQ=,,Já está nas redes
SAVAGE BARBERSHOP,https://sites.appbarber.com.br/savagebarbersho-xxtb,Site próprio,,,Já está nas redes
DLS Barbearia do Douglas,,,,,Não está nas redes
Barbearia do Don,https://bit.ly/barbeariadodon,Site próprio,,,Já está nas redes
Barbearia do Canhão,,,https://www.instagram.com/barbeariadocanhao/,Não,Já está nas redes
Barbearia do Chico,https://api.whatsapp.com/send?phone=5522998078653,Site próprio,,,Já está nas redes
Barbearia Costa Reis,https://sites.appbarber.com.br/links/barbeariacostar-44b6?fbclid=PAZnRzaAN5k8lleHRuA2FlbQIxMQBzcnRjBmFwcF9pZA8xMjQwMjQ1NzQyODc0MTQAAafge-5YPRQ1HRWEe5FWFRPLEzI_650uj1JCu-ewORjnBInwqPzYFsSE2rckjA_aem_7kqavk6gD059zL4T_b8Grg,Site próprio,,,Já está nas redes
Top Gun Barber Shop,,,,Sim,Não está nas redes
Barbearia do Chico unidade 2,,,,,Não está nas redes
BARBEARIA DA BASE,,,,Instagram não detectado,Não está nas redes
PaboloNick barbearia,,,,Instagram não detectado,Não está nas redes
Barbearia KS,,,,,Não está nas redes
Barbearia Gato Mestre,,,,Instagram não detectado,Não está nas redes
Oficina Do Corte Balneário Das Conchas,,,,,Não está nas redes
Barbearia Alves,,,,,Não está nas redes
Veiga Barbearia,,,,,Não está nas redes
Barbearia wl do corte,https://www.facebook.com/whesellen.freitassilva,Facebook,,,Já está nas redes
Barbearia do Pablo,,,,,Não está nas redes
Barbearia do Mineiro,,,,Sim,Não está nas redes
Bendita Barbearia e conveniência,,,,Sim,Não está nas redes
Barbearia Rainha do Corte / Base,https://www.rainhadocorte.com.br/,Site próprio,,,Já está nas redes
Império do corte,,,,,Não está nas redes
Las Vegas Barbershop,,,,,Não está nas redes
Tio Rony barbearia,https://instagram.com/tio_rony_barbeiro?igshid=ZDc4ODBmNjlmNQ==,Instagram,https://instagram.com/tio_rony_barbeiro?igshid=ZDc4ODBmNjlmNQ==,,Já está nas redes
Leticia Queiroz Barbearia,,,,,Não está nas redes
Barbearia Rota 22,https://m.facebook.com/GabriBarbearia/?ref=bookmarks,Facebook,,,Já está nas redes
NFB Mundo Barber,https://www.instagram.com/nfbmundobarber?igsh=MW1jb2RlMWhnaGhleA==&utm_source=qr,Instagram,https://www.instagram.com/nfbmundobarber?igsh=MW1jb2RlMWhnaGhleA==&utm_source=qr,,Já está nas redes
Barber França,,,,,Não está nas redes
Barbearia do Juninho,https://linktr.ee/jnbarbeiro22,Site próprio,,,Já está nas redes
Barbearia Power,,,,,Não está nas redes
Barberness,,,,,Não está nas redes
barbearia do yuri,,,,Sim,Não está nas redes
BARBEARIA MOISÉS SETÚBAL,,,,,Não está nas redes
FIO NAVALHA BARBER SHOP: Balneário de São Pedro; SPA/RJ,https://salao99.com.br/fio-navalha-barber-shop,Site próprio,,,Já está nas redes
Barcelona barbershop,https://instagram.com/baarcelona.barbershop?igshid=YmMyMTA2M2Y=,Instagram,https://instagram.com/baarcelona.barbershop?igshid=YmMyMTA2M2Y=,,Já está nas redes
Fagninho Tigrão Barbearia,https://minhaagenda.digital/FagninhoTigrao.Barber,Site próprio,,,Já está nas redes
Barbearia GOMS,,,,,Não está nas redes
ROZARIOS BARBEARIA,,,,,Não está nas redes
Barber Shop MT D'Corte,,,,,Não está nas redes
Bendita Barbearia e conveniência,,,,,Não está nas redes
Wlbarbearia,,,,,Não está nas redes
Barbearia Barber Pub,https://instagram.com/barberpubspa,Instagram,https://instagram.com/barberpubspa,,Já está nas redes
Barbearia Dus Magrin,,,,Instagram não detectado,Não está nas redes
Menezes Barbershop,https://www.instagram.com/zainna_consultoria?igsh=MW5qMXN1ajJ1ZXFjbw==,Instagram,https://www.instagram.com/zainna_consultoria?igsh=MW5qMXN1ajJ1ZXFjbw==,,Já está nas redes
💈Salão Lázaro du corte📐✂️📏💈,,,,,Não está nas redes
Conexão Do Corte Barbearia,,,,,Não está nas redes
Barbearia Magalhães,,,,,Não está nas redes
Barbearia Bons Amigos,,,,,Não está nas redes
TBT Barbershop,https://linktr.ee/tbtbarbershop17,Site próprio,,,Já está nas redes
Barbearia dos irmãos,,,,,Não está nas redes
Barbearia Doisn do corte,,,,,Não está nas redes
Bn barbearia,,,,Instagram não detectado,Não está nas redes
Estevão Barbershop,https://www.instagram.com/barbershopestevao?igsh=MW1lNWk0enZjc2hmcw==,Instagram,https://www.instagram.com/barbershopestevao?igsh=MW1lNWk0enZjc2hmcw==,,Já está nas redes
Barbearia DZ6,https://linktr.ee/Barbeariadz6,Site próprio,,,Já está nas redes
Matheus vieira barbearia,,,,Sim,Não está nas redes
Italvense Salão Masculino,https://bit.ly/italvensesalao,Site próprio,,,Já está nas redes
Barbearia de Sá,,,,,Não está nas redes
PRIME SPORT CENTER,https://primesportcenter.com/,Site próprio,,,Já está nas redes
VIDATIVA ACADEMIA,http://www.vidativacademia.com.br,Site próprio,,,Já está nas redes
Academia Wellness Fitness,https://wellnessfitness.com.br/,Site próprio,,,Já está nas redes
Academia CTLA Cross & Fighters,http://www.equipectla.com/,Site próprio,,,Já está nas redes
Academia Aldeia FIT - SPA,,,,Instagram não detectado,Não está nas redes
Espaço Aquafit,https://m.facebook.com/espacoaquafitsaopedrodaaldeia,Facebook,,,Já está nas redes
Academia Popular Municipal,,,,,Não está nas redes
Força Total Academia,https://m.facebook.com/pages/category/Gym-Physical-Fitness-Center/For%C3%A7a-Total-Academia-169511703107407/,Facebook,,,Já está nas redes
Espaço RR Trainer,,,,,Não está nas redes
Fusão Cross,,,,,Não está nas redes
Studio Elastic Training e Pilates,,,,Instagram não detectado,Não está nas redes
Academia Smart Fit - São Pedro da Aldeia,https://www.smartfit.com.br/academias/sao-pedro-da-aldeia/?utm_source=google&utm_medium=maps&utm_campaign=fbiz-SBRRJISPA01,Site próprio,,,Já está nas redes
Academia Viva 100%,https://wa.me/5522997915910,Site próprio,,,Já está nas redes
Personal Studio Saúde & Fitness LTDA,https://longevidadeextrema.com.br/workshop-voce-jovem/,Site próprio,,,Já está nas redes
Judô Clube Marco Alberto,,,,,Não está nas redes
Laguna Fitness Academia,,,,,Não está nas redes
Legatus Academia,https://bio.site/legatusacademia,Site próprio,,,Já está nas redes
Academia Zym Fitness,https://www.instagram.com/zym.fitness_?igsh=YWZtZHU4ejIwaTlr,Instagram,https://www.instagram.com/zym.fitness_?igsh=YWZtZHU4ejIwaTlr,,Já está nas redes
MOVEMENTE ACADEMIA,,,,,Não está nas redes
Studio Arena - Pilates Integrativo,,,,,Não está nas redes
Hangar 22 Dojo,http://hangar22dojo.com.br/,Site próprio,,,Já está nas redes
Academia Império Fit,,,,,Não está nas redes
Studio Level UP,https://www.instagram.com/brinkamos?igsh=MXZydmR5MW5zdml6Nw==,Instagram,https://www.instagram.com/brinkamos?igsh=MXZydmR5MW5zdml6Nw==,,Já está nas redes
Academia CHIVUNK,https://www.instagram.com/academiachivunk?utm_source=qr&igsh=cmtvYndpZndoa2lw,Instagram,https://www.instagram.com/academiachivunk?utm_source=qr&igsh=cmtvYndpZndoa2lw,,Já está nas redes
Aldeia grappling - Jiu jitsu,,,https://www.instagram.com/aldeia_grappling/,Não,Já está nas redes
Gracie Barra - Jiu Jitsu em São Pedro,https://graciebarraspa.com.br/,Site próprio,,,Já está nas redes
Estética e Pilates em São Pedro da Aldeia,https://www.esteticaepilates.com.br/,Site próprio,,,Já está nas redes
Academia ProAtive,,,,Sim,Não está nas redes
Bio Fit Center,,,,,Não está nas redes
E-studio Treinamento Personalizado,,,,,Não está nas redes
eFFITNESS STUDIO,,,,,Não está nas redes
Academia ARM BJJ,,,,Instagram não detectado,Não está nas redes
MBR FIT,http://madeinbrazilfit.com.br/,Site próprio,,,Já está nas redes
Studio Tati Teles,http://www.instagram.com/studiotatiteles,Instagram,http://www.instagram.com/studiotatiteles,,Já está nas redes
Carmo Combat Club,http://www.facebook.com/carmocombatclub,Facebook,,,Já está nas redes
STORESS FITNESS,https://www.instagram.com/storess_fitness/,Instagram,https://www.instagram.com/storess_fitness/,,Já está nas redes
GFTeam São Pedro da Aldeia - Gustavo Alves JIU-JITSU,,,,Instagram não detectado,Não está nas redes
Ponto de Cultura Centro de Movimento D'Aldeia,https://instagram.com/centrodemovimentodaldeia?igshid=YmMyMTA2M2Y=,Instagram,https://instagram.com/centrodemovimentodaldeia?igshid=YmMyMTA2M2Y=,,Já está nas redes
SÃO PEDRO ESPORTE CLUBE SPEC,,,https://www.instagram.com/oficialspec/,Não,Já está nas redes
Clínica de Fisioterapia e Pilates,,,,Instagram não detectado,Não está nas redes
ENECÊ • PILATES STUDIO,https://www.instagram.com/enecepilates/profilecard/?igsh=MXRudXhvMXljZzFyeA==,Instagram,https://www.instagram.com/enecepilates/profilecard/?igsh=MXRudXhvMXljZzFyeA==,,Já está nas redes
Espaço Integrado Mariana Diniz,https://instagram.com/marianadiniz_madi?utm_source=qr&igshid=ZDc4ODBmNjlmNQ%3D%3D,Instagram,https://instagram.com/marianadiniz_madi?utm_source=qr&igshid=ZDc4ODBmNjlmNQ%3D%3D,,Já está nas redes
WA Fitness,,,,,Não está nas redes
RUDRA YOGA SHALA,,,,,Não está nas redes
Academia Dina's Center,,,,Instagram não detectado,Não está nas redes
Academia Laguna Wellness,,,,,Não está nas redes
ares centro recreativo gaivota,http://www.crgaivota.com.br/,Site próprio,,,Já está nas redes
STUDIO VOLARE,,,,,Não está nas redes
"EF Saúde & Bem Estar - Fisioterapia, Pilates e Estética.",https://www.facebook.com/EFSAUDE.BE,Facebook,,,Já está nas redes
Studio Move Fisiopilates,,,,,Não está nas redes
"Kwan Taekwon-do Tradicional - São Pedro da Aldeia, Centro",https://www.taekwondoitf.com.br/,Site próprio,,,Já está nas redes
Instituto Legatto,,,,Instagram não detectado,Não está nas redes
Espaço Tao corpo e terapias,,,https://www.instagram.com/espacotaocorpoeterapias/,Não,Já está nas redes
Academia Clube Viverde São Pedro,,,,Instagram não detectado,Não está nas redes
Crossfit Viverde 2,,,,,Não está nas redes
Aloha Sport Wear - Moda Fitness - São Pedro da Aldeia,https://instagram.com/use_alohasports?igshid=MzRlODBiNWFlZA==,Instagram,https://instagram.com/use_alohasports?igshid=MzRlODBiNWFlZA==,,Já está nas redes
Fit Training Studio,,,,Instagram não detectado,Não está nas redes
Milena Leopoldino Fisioterapeuta em São Pedro da Aldeia,https://wa.me/5522992920287,Site próprio,,,Já está nas redes
Krav Maga Bukan São Pedro da Aldeia,http://www.kravmaga-bukan.com/,Site próprio,,,Já está nas redes
Clínica Popular MedOne - São Pedro da Aldeia,https://medoneclinicapopular.com.br/,Site próprio,,,Já está nas redes
Centro Médico Life Lagos,,,https://www.instagram.com/centromedicolifelagos/,Não,Já está nas redes
Clínica SupraMed,https://supramedcentromedico.com.br/,Site próprio,,,Já está nas redes
Clínica PróVida - São Pedro da Aldeia,https://www.providacabofrio.com.br/,Site próprio,,,Já está nas redes
Centro Médico Santa Maria,https://m.facebook.com/profile.php?id=100027379282790&ref=content_filter,Facebook,,,Já está nas redes
Centro Médico Nerinha Sampaio - Clinerp,https://clinerp.com.br/centro-medico-nerinha-sampaio-sao-pedro-da-aldeia/,Site próprio,,,Já está nas redes
Diva Lima Medical Center,,,,,Não está nas redes
Policlínica Municipal de São Pedro da Aldeia,,,,,Não está nas redes
Medscanlagos - Unidade 6,https://www.medscanlagos.com.br/,Site próprio,,,Já está nas redes
Radio Med,https://www.instagram.com/radiomed_imagem/,Instagram,https://www.instagram.com/radiomed_imagem/,,Já está nas redes
Life Lagos Saúde,http://www.lifelagos.com.br/,Site próprio,,,Já está nas redes
Unnomed Consultas E Diagnósticos,,,,Instagram não detectado,Não está nas redes
EVOLUIR CENTRO DE ATENDIMENTO INTEGRADO,,,,,Não está nas redes
Fisiomed,,,https://www.instagram.com/fisiomed_spa/,Não,Já está nas redes
Presst Centro de Engenharia e Medicina do Trabalho (São Pedro da Aldeia RJ),https://presst.com.br/,Site próprio,,,Já está nas redes
AudioMed Center,https://instagram.com/audiomedcenter,Instagram,https://instagram.com/audiomedcenter,,Já está nas redes
Laboratório de Análises Clínicas Schirley ltda.,http://www.laboratorioschirley.com/,Site próprio,,,Já está nas redes
Plano Mais Assistencial,https://planomais.com.br/,Site próprio,,,Já está nas redes
Santa Luzia Optometria -São Pedro da Aldeia Rj,,,,,Não está nas redes
Elaine Cristina Oliveira Psicopedagoga/Neuropsicopedagoga,,,,,Não está nas redes
Vitória Tardin | Psicóloga Clínica e Atendimento Online,https://vitoriatardinpsi.com.br/,Site próprio,,,Já está nas redes
Drogarias Medique | R. Dr Antônio Alves Centro,,,,Instagram não detectado,Não está nas redes
AVALIAÇÃO NEUROPSICOLÓGICA INFANTIL NEUROPSICOLOGIA INFANTOJUVENIL - Região dos Lagos/RJ,,,,Instagram não detectado,Não está nas redes
Laboratório UMA Labs,http://www.umalabs.com.br/,Site próprio,,,Já está nas redes
Laboratório Vital Brazil,https://labvitalbrazil.com.br/,Site próprio,,,Já está nas redes
Sorria Rio - São Pedro da Aldeia,,,https://www.instagram.com/sorriario.saopedro/,Não,Já está nas redes
Instituto da Visão Região dos Lagos | SPA,https://www.institutodavisaocf.com.br/,Site próprio,,,Já está nas redes
MORGANA RIBEIRO NEUROPSICOPEDAGOGA,http://neuromorganaribeiro.com.br/,Site próprio,,,Já está nas redes
Cgc Fisioterapia,,,,Instagram não detectado,Não está nas redes
Atacadão das Imagens,,,,Instagram não detectado,Não está nas redes
Alcance Dentistas Clínica Odontológica - Ortodontia/Implantes Dentários/Endodontia/Clinica Geral em São Pedro da Aldeia,https://alcancedentista.com.br/,Site próprio,,,Já está nas redes
Ana Mallet Estética e Saúde,https://instagram.com/fisio.anamallet?utm_medium=copy_link,Instagram,https://instagram.com/fisio.anamallet?utm_medium=copy_link,,Já está nas redes
Dra Cassiane Carvalho -Fisioterapeuta Pós Graduada em Saúde da Mulher.,,,,Instagram não detectado,Não está nas redes
Santa Luzia Eye Clinic,,,,,Não está nas redes
Sorrilagos,https://sorrilagos.com.br/,Site próprio,,,Já está nas redes
Psicóloga em São Pedro da Aldeia| Lorrany Gastanes - Atendimento Psicológico Presencial e Online,https://jhovannaepedro77779644.my.canva.site/site-psilorrany-gastanes,Site próprio,,,Já está nas redes
Dra Mariana Carvalho - Saúde e Estética Avançada,,,,,Não está nas redes
Bem Viver Estética & Terapia,,,,Instagram não detectado,Não está nas redes
Drogarias Medique | Farmácia em São Pedro da Aldeia Centro,,,,,Não está nas redes
Orales Odontologia Especializada,https://www.instagram.com/oralessaopedro?igsh=Mzc4YWZ0Y252dGZ2&utm_source=qr,Instagram,https://www.instagram.com/oralessaopedro?igsh=Mzc4YWZ0Y252dGZ2&utm_source=qr,,Já está nas redes
Laboratório CDC - São Pedro da Aldeia,https://www.laboratoriocdc.com.br/,Site próprio,,,Já está nas redes
Orthopride São Pedro da Aldeia,https://orthopride.com.br/,Site próprio,,,Já está nas redes
Christie's Ortodontia e ortopedia facial,,,,Instagram não detectado,Não está nas redes
Dra. Cristiane S Torres Reis,,,,,Não está nas redes
Jaqueline Zannino Nutricionista,https://www.instagram.com/nutrijaquezannino?igsh=MThrNDJrbnhib3lsbw==,Instagram,https://www.instagram.com/nutrijaquezannino?igsh=MThrNDJrbnhib3lsbw==,,Já está nas redes
Amiga odontologia,https://amigaodontologiasaopedro.com/,Site próprio,,,Já está nas redes
Municipal Secretary of Health,https://pmspa.rj.gov.br/secretarias-pmspa/secretaria-de-saude/,Site próprio,,,Já está nas redes
Odonto Elite,https://www.instagram.com/odontoelitespa?igsh=MWJ2dDRxZGxld3Rmbg==,Instagram,https://www.instagram.com/odontoelitespa?igsh=MWJ2dDRxZGxld3Rmbg==,,Já está nas redes
Pharmácia & Cia,,,https://www.instagram.com/pharmaciaecia/,Não,Já está nas redes
Clinica Santa Maria,,,,,Não está nas redes
Centro de Estética e Beleza Letícia Duarte,,,,Instagram não detectado,Não está nas redes
Drogarias Pacheco,,,,,Não está nas redes
Clínica Bárbara Beauty I Micropigmentação I Estética I Unhas I Designer de Sobrancelhas I Lash Lifiting,https://www.instagram.com/eubarbarabeauty?utm_source=ig_web_button_share_sheet&igsh=ZDNlZDc0MzIxNw==,Instagram,https://www.instagram.com/eubarbarabeauty?utm_source=ig_web_button_share_sheet&igsh=ZDNlZDc0MzIxNw==,,Já está nas redes
Óticas Kiara São Pedro,,,,,Não está nas redes
Fisioterapeuta Leticia Moreira,https://www.instagram.com/fisioleticiamoreira_spa/,Instagram,https://www.instagram.com/fisioleticiamoreira_spa/,,Já está nas redes
Fernanda K. Zambrana,,,,,Não está nas redes
Psicóloga Iris Marques da S. e Silva,,,,,Não está nas redes
Clinica De Medicina Popular - Cabo Frio,https://www.clinicademedicinapopular.com.br/,Site próprio,,,Já está nas redes
Mania Tecno Cell,https://maniatecnocell.my.canva.site/,Site próprio,,,Já está nas redes
ODONTHOS,https://instagram.com/odonthosclinica_?igshid=dqc6f8vbzptk,Instagram,https://instagram.com/odonthosclinica_?igshid=dqc6f8vbzptk,,Já está nas redes
Dra. Letícia Barreto - Dentista em São Pedro da Aldeia,http://draleticiabarreto.com.br/,Site próprio,,,Já está nas redes
Dra Élide Panissa,,,,Instagram não detectado,Não está nas redes
Dra. Lorena Vasconcellos dos Reis - Dentista em São Pedro da Aldeia,https://www.instagram.com/dralorenavasconcellos,Instagram,https://www.instagram.com/dralorenavasconcellos,,Já está nas redes
Dra Luana Bragança,,,,,Não está nas redes
Dra. Amanda Araújo | Dentista Endodontista,,,,Instagram não detectado,Não está nas redes
Delicata Odontologia/ Implante em São Pedro da Aldeia.,http://www.delicataodontologia.com.br/,Site próprio,,,Já está nas redes
Dra. Mayara Siqueira - Odontologia Integrada / Dentista em São Pedro da Aldeia,,,https://www.instagram.com/dramayarasiqueira/,Não,Já está nas redes
Consultório Odontológico Dra. Gabriela Gomes,https://www.instagram.com/Dra_GabrielaGomes/,Instagram,https://www.instagram.com/Dra_GabrielaGomes/,,Já está nas redes
Odontocinica Nova Sao Pedro ltda,,,,Instagram não detectado,Não está nas redes
Fumian Odontologia,,,https://www.instagram.com/fumianodontologia/,Não,Já está nas redes
Aldeia Odonto,https://www.instagram.com/aldeia.odonto/,Instagram,https://www.instagram.com/aldeia.odonto/,,Já está nas redes
Dr. Jônatas Rodrigues - Odontologia,https://drjonatasrodrigues.com.br/,Site próprio,,,Já está nas redes
"Consultório Odontológico Dra. Claudia Queiroz de Azevedo, e URGENCIA ODONTOLOGICA",,,,,Não está nas redes
ImplanTOP Clínica Odontológica de Implantes São Pedro,https://implantopspa.com/,Site próprio,,,Já está nas redes
Consultório Odontológico Dra Christiane Ferreira,,,,Instagram não detectado,Não está nas redes
Giselle Martins Odontologia Especializada,https://gisellemartins.codental.site/,Site próprio,,,Já está nas redes
Integgra Odontologia e Saúde,,,,,Não está nas redes
Terapia do Sorriso/Dra. Priscila Watson,http://terapiadosorriso.codental.site/,Site próprio,,,Já está nas redes
DRA. VIVIANE AFONSO,https://www.instagram.com/orthoekids?igsh=NnV2ZmQxOWF0aTM2&utm_source=qr,Instagram,https://www.instagram.com/orthoekids?igsh=NnV2ZmQxOWF0aTM2&utm_source=qr,,Já está nas redes
Dra. Thais Galvão,,,,Instagram não detectado,Não está nas redes
Odonto & Estetica SPA,,,,,Não está nas redes
OdontoCompany,,,,Instagram não detectado,Não está nas redes
Amiga Odontologia Matriz,https://amigaodontologiasaopedro.com/,Site próprio,,,Já está nas redes
SOS Sorriso,,,,Instagram não detectado,Não está nas redes
Consultório Dra. Vanessa de Sá,https://www.instagram.com/dra.vanessadesa/,Instagram,https://www.instagram.com/dra.vanessadesa/,,Já está nas redes
Clínica Fontenelle,,,,,Não está nas redes
Dentista,,,,,Não está nas redes
Odontovalle,https://instagram.com/odontovallespa,Instagram,https://instagram.com/odontovallespa,,Já está nas redes
SK Imagens Odontológicas,https://skradiologia.com.br/,Site próprio,,,Já está nas redes
Consultório Odontológico Dra. Sônia Marques,,,,Instagram não detectado,Não está nas redes
Dr. Adriano Linhares Motta,http://www.adrianolinhares.com.br/,Site próprio,,,Já está nas redes
Tavares Odontologia Integrada,http://instagram.com/tavares.odontologia/,Instagram,http://instagram.com/tavares.odontologia/,,Já está nas redes
Aline Trindade Odontologia,https://www.instagram.com/dra.alinetrindade/,Instagram,https://www.instagram.com/dra.alinetrindade/,,Já está nas redes
LP Odontologia,,,,,Não está nas redes
Dra Bianca Lima Odontologia,"https://api.whatsapp.com/send?phone=5522997648509&text=Ol%C3%A1,%20v%C3%AD%20o%20seu%20post%20nas%20redes%20sociais%20e%20gostaria%20de%20marcar%20uma%20consulta!",Site próprio,,,Já está nas redes
FORMA & SORRISO ODONTOLOGIA HUMANIZADA,https://msha.ke/dra.alegria/#sobre-mim,Site próprio,,,Já está nas redes
Odonto Vida,,,,,Não está nas redes
Doutor Júlio José F. Queiroz,,,,Instagram não detectado,Não está nas redes
Dra Gabriela,,,,Instagram não detectado,Não está nas redes
Integrare Harmonização Orofacial,https://www.instagram.com/integrareclinicaspa/profilecard/?igsh=a3kwNGxmb2c2aG02,Instagram,https://www.instagram.com/integrareclinicaspa/profilecard/?igsh=a3kwNGxmb2c2aG02,,Já está nas redes
CLINICA DE SAUDE VISUAL ALDEIA,,,,Instagram não detectado,Não está nas redes
Dentista Dra. Cristiane Conceicao,,,,,Não está nas redes
Dra.Ana Beatriz Fernandes Garcia,,,,,Não está nas redes
AME ODONTOLOGIA,,,,,Não está nas redes
Ceo,,,,,Não está nas redes
Dalcance Dentistas,,,,,Não está nas redes
Implanface,,,,,Não está nas redes
Pet lagos - Banho e Tosa,,,,Sim,Não está nas redes
"Nutrimais I Pet Shop, Agropecuária, Rações I Pet Shop em Vila São Pedro, São Pedro da Aldeia",https://sites.google.com/view/nutrimaispetshop/p%C3%A1gina-inicial,Site próprio,,,Já está nas redes
Pet Shop São Pedro - Aldeia dos Pets - banho e tosa,,,,,Não está nas redes
Zelo Pet Shop,,,,,Não está nas redes
Nutrimais Porto da Aldeia pet shop,https://sites.google.com/view/nutrimaispetshop/p%C3%A1gina-inicial,Site próprio,,,Já está nas redes
Zooloja Pet Shop - São Pedro da Aldeia,,,https://www.instagram.com/zoolojapetshop/,Não,Já está nas redes
American Pet,https://www.americanpet.com.br/,Site próprio,,,Já está nas redes
Banho e Tosa /Alexandra Mendes / Nova São Pedro,https://www.instagram.com/banhoetosa_alexandramendes?igsh=MWh6dTF1dGhxODN3dA%3D%3D&utm_source=qr,Instagram,https://www.instagram.com/banhoetosa_alexandramendes?igsh=MWh6dTF1dGhxODN3dA%3D%3D&utm_source=qr,,Já está nas redes
Natal Agropecuária,,,,,Não está nas redes
Pet Shop Belagaya,,,,,Não está nas redes
LOJA AVANTTE,,,,,Não está nas redes
Animal shopp rações,https://instagram.com/animal.shopp_?igshid=YmMyMTA2M2Y=,Instagram,https://instagram.com/animal.shopp_?igshid=YmMyMTA2M2Y=,,Já está nas redes
"Nutrimais Pet Shop bairro Fluminense, São Pedro da Aldeia",https://sites.google.com/view/nutrimaispetshop/p%C3%A1gina-inicial,Site próprio,,,Já está nas redes
Clínica Veterinária & Petshop Apaixonados Por Quatro Patas- Unidade São Pedro Da Aldeia,https://api.whatsapp.com/send?phone=5522999609957,Site próprio,,,Já está nas redes
Fazendinha AGROPET,,,,,Não está nas redes
Georgia Ayres Centro de Estética Canina,,,https://www.instagram.com/georgiaayres__/,Não,Já está nas redes
Agropecuária Dois Irmãos,,,,,Não está nas redes
Agropecuaria Fauna E Flora,,,,,Não está nas redes
Dicão Rações,,,,,Não está nas redes
Casa Natal,,,,,Não está nas redes
Rações da Aldeia,,,,,Não está nas redes
Estação dos Bichos,,,https://www.instagram.com/clinicaestacaodosbichos/,Não,Já está nas redes
Petit Vet Dra. Letícia Rebelo,https://sites.google.com/view/consultrioveterinrioletciarebe/in%C3%ADcio,Site próprio,,,Já está nas redes
Pet Shop Mimos do Bicho,,,,,Não está nas redes
Luma Pet Shop,,,,,Não está nas redes
Claudia Pet,,,,,Não está nas redes
Espaço Rural Agropecuária,,,,,Não está nas redes
Pet Shop Mel,,,,,Não está nas redes
Banho e Tosa Iasmin Damasceno,,,,,Não está nas redes
Zecas Agropecuária,,,,,Não está nas redes
Vida Animal Centro de Estética,,,,Instagram não detectado,Não está nas redes
Pet-shop fluminense,,,,Instagram não detectado,Não está nas redes
Belcão Banho e Tosa,,,,Instagram não detectado,Não está nas redes
Vet São Lázaro,http://www.facebook.com/vetsaolazarospa,Facebook,,,Já está nas redes
Nutripet São Pedro da Aldeia,,,,Instagram não detectado,Não está nas redes
Uskapet SPA,,,,,Não está nas redes
Veterinária São José,,,,Sim,Não está nas redes
Juninho Pet,,,,Sim,Não está nas redes
PETFORTE RAÇÕES,,,,,Não está nas redes
Recanto Animal,https://www.instagram.com/recantoanimal_casaderacoes/,Instagram,https://www.instagram.com/recantoanimal_casaderacoes/,,Já está nas redes
Pets Mania,,,,,Não está nas redes
AQUA TOKA,https://www.instagram.com/aquatoka?igsh=dDVyMjZpaGl1dnYw,Instagram,https://www.instagram.com/aquatoka?igsh=dDVyMjZpaGl1dnYw,,Já está nas redes
Vet Uai Veterinária - Banho e Tosa,https://bit.ly/GoogleVetUai,Site próprio,,,Já está nas redes
Nutrimais São João pet shop,https://sites.google.com/view/nutrimaispetshop/p%C3%A1gina-inicial,Site próprio,,,Já está nas redes
ALDEIA DOS PETS,,,,,Não está nas redes
Fazendinha Agropet,,,,Sim,Não está nas redes
Universe Pet Shop,https://www.facebook.com/pg/Universepetshop/posts/,Facebook,,,Já está nas redes
J&C Rações,https://www.facebook.com/JeCRacoes/,Facebook,,,Já está nas redes
Do Auau ao miau Banho e tosa,,,,,Não está nas redes
Mundo Pet,,,,Sim,Não está nas redes
Bazar e Raçoes Vitória,,,https://www.instagram.com/bazar_e_racoes_vitoria/,Não,Já está nas redes
Patas e Bicos,,,,,Não está nas redes
7 Q late,https://www.instagram.com/seteqlatepetshop/?hl=pt,Instagram,https://www.instagram.com/seteqlatepetshop/?hl=pt,,Já está nas redes
Rancho animal (Pet Shop),,,https://www.instagram.com/rancho_animal/,Não,Já está nas redes
Loja de rações e pet shop Vinhateiro - Aldeia Dos Pets,https://atom.bio/woofvinhateiro,Site próprio,,,Já está nas redes
Bazar Agrocampo,,,,,Não está nas redes
Ayres Lima Centro de Estética Canina,,,https://www.instagram.com/georgiaayres__/,Não,Já está nas redes
Drogarias Max - Centro,https://drogariasmax.agileaceleradora.com.br/,Site próprio,,,Já está nas redes
Pet House,,,,Instagram não detectado,Não está nas redes
Rações & Diversões,,,,Instagram não detectado,Não está nas redes
Loja de roupas feminina MERMERIE Boutique em São Pedro da Aldeia,,,,,Não está nas redes
Flor da Aldeia,,,,Instagram não detectado,Não está nas redes
La Belle Boutique,https://www.instagram.com/labellemfboutique/,Instagram,https://www.instagram.com/labellemfboutique/,,Já está nas redes
CLUBE DA MISS,https://clubedamiss.shop/,Site próprio,,,Já está nas redes
ÉDMAIS São Pedro da aldeia,,,,Instagram não detectado,Não está nas redes
Club Fashion Multimarcas,,,,,Não está nas redes
Madamme Blue - Loja de Roupas e Moda Feminina,https://www.madammeblue.com.br/,Site próprio,,,Já está nas redes
Loja MJ Estima,https://instagram.com/mj_estima?igshid=YmMyMTA2M2Y=,Instagram,https://instagram.com/mj_estima?igshid=YmMyMTA2M2Y=,,Já está nas redes
Malhas Mil,,,,,Não está nas redes
K-Ane Moda Feminina,,,,,Não está nas redes
Ravanni Moda Feminina,https://www.instagram.com/ravannimodas/,Instagram,https://www.instagram.com/ravannimodas/,,Já está nas redes
Studio Leal Closet,https://www.instagram.com/_lealcloset_/,Instagram,https://www.instagram.com/_lealcloset_/,,Já está nas redes
Storm | Loja de Moda Masculina - São Pedro,https://www.instagram.com/storm.lojaoficial/,Instagram,https://www.instagram.com/storm.lojaoficial/,,Já está nas redes
Objetiva - São Pedro da Aldeia,https://site.modaobjetiva.com.br/,Site próprio,,,Já está nas redes
Don Vidal,,,,,Não está nas redes
Ousadia Fashion_spa,,,,,Não está nas redes
Dias De Sol,,,,,Não está nas redes
Lojas G São Pedro da Aldeia,https://lojasg.com.br/,Site próprio,,,Já está nas redes
Donus Dei,,,,Instagram não detectado,Não está nas redes
Thalita Volotão - Delivery da Moda,https://www.instagram.com/deliverydamodarj/,Instagram,https://www.instagram.com/deliverydamodarj/,,Já está nas redes
King 20,https://instagram.com/lojasking20?igshid=ZDdkNTZiNTM=,Instagram,https://instagram.com/lojasking20?igshid=ZDdkNTZiNTM=,,Já está nas redes
Brilha Star,,,https://www.instagram.com/brilhastarfashion/,Não,Já está nas redes
Meu Desejo,https://instagram.com/meudesej0?igshid=MTI1ZDU5ODQ3Yw==,Instagram,https://instagram.com/meudesej0?igshid=MTI1ZDU5ODQ3Yw==,,Já está nas redes
Taiga Jeans,https://taigajeans2.lojavirtualnuvem.com.br/,Site próprio,,,Já está nas redes
FLOR DA LÔ,https://www.flordalo.com.br/,Site próprio,,,Já está nas redes
Kuxixo,,,,Sim,Não está nas redes
Lola Store,,,,Instagram não detectado,Não está nas redes
Casa Spnola - São Pedro da Aldeia,https://www.casaspnola.com.br/,Site próprio,,,Já está nas redes
Alaya Store,,,,,Não está nas redes
Luh modas,,,,,Não está nas redes
Siqueira Modas,,,https://www.instagram.com/loja_siqueira_modas/,Não,Já está nas redes
Brilha Star FASHION,,,,,Não está nas redes
Aldeia 109 Uniformes Profissionais e Escolares,,,,,Não está nas redes
Shop 15,,,,,Não está nas redes
Ciranda Cirandinha,,,,Sim,Não está nas redes
Nalin,,,https://www.instagram.com/lojasnalin/,Não,Já está nas redes
Aldeia Shopping,,,,Instagram não detectado,Não está nas redes
NAÇÃO TEXTIL SÃO PEDRO,http://www.nacaotextil.com.br/,Site próprio,,,Já está nas redes
022Multimarcas,,,,Instagram não detectado,Não está nas redes
Style Noble Clothing Rental,,,,,Não está nas redes
Aurora Chique,https://www.instagram.com/aurorachique/,Instagram,https://www.instagram.com/aurorachique/,,Já está nas redes
South São Pedro,http://gruposouth.com.br/,Site próprio,,,Já está nas redes
Paty Modas,,,,,Não está nas redes
Shopping popular de São Pedro da aldeia,,,,,Não está nas redes
Amora'Store,https://amora-store.ueniweb.com/?utm_campaign=gmb,Site próprio,,,Já está nas redes
MP ÍNTIMA SÃO PEDRO DA ALDEIA RJ,,,,,Não está nas redes
Nicki Moda Praia e Fitness,,,,,Não está nas redes
Loja Magazine SPA,,,,,Não está nas redes
Nação Rubro-negra,,,,,Não está nas redes
Ingrid Castelo Store,https://www.instagram.com/ingridcastelostore/,Instagram,https://www.instagram.com/ingridcastelostore/,,Já está nas redes
Atacadão - Cabo Frio - São Pedro da Aldeia,https://www.atacadao.com.br/,Site próprio,,,Já está nas redes
Fashion Biju - Acessórios e Maquiagem,https://www.fashionbiju.com/,Site próprio,,,Já está nas redes
Lojas Competição - São Pedro da Aldeia,https://www.lojascompeticao.com.br/,Site próprio,,,Já está nas redes
Show do Esporte,,,,,Não está nas redes
Havan São Pedro Da Aldeia,https://www.havan.com.br/?utm_source=gmb&utm_medium=gmb-perfil&utm_campaign=lc_92,Site próprio,,,Já está nas redes
ÉPOU SÃO PEDRO DA ALDEIA,https://epouonline.com.br/,Site próprio,,,Já está nas redes
fanáticos são pedro da aldeia,,,https://www.instagram.com/fanaticosspa/,Não,Já está nas redes
SE Acessórios São Pedro da Aldeia,,,,,Não está nas redes
Supermarket,https://www.redesupermarket.com.br/lojas/supermarket-sao-pedro-aldeia/,Site próprio,,,Já está nas redes
Super Bom - São Pedro da Aldeia,http://www.redesuperbom.com.br/,Site próprio,,,Já está nas redes
Extra Supermercado,https://www.clubeextra.com.br/,Site próprio,,,Já está nas redes
Superatacado Sempretem - São Pedro da Aldeia,http://superatacadosempretem.com.br/,Site próprio,,,Já está nas redes
Super Fruits Terê,https://terefrutas.com.br/,Site próprio,,,Já está nas redes
Dom Atacadista - São Pedro da Aldeia,https://domatacadista.net/,Site próprio,,,Já está nas redes
Mercado Ideal,,,,,Não está nas redes
Super Market Epa,,,,,Não está nas redes
Mercado Super Líder,,,,Sim,Não está nas redes
Armazém Sabor e Delicias,,,,,Não está nas redes
moco SUPERMERCADOS,,,,Instagram não detectado,Não está nas redes
Mercado da Cidade,http://www.mercadocidade.com/,Site próprio,,,Já está nas redes
Gomes Supermercado São Pedro d'Aldeia,,,,Instagram não detectado,Não está nas redes
Mercado Tropical,http://www.mercadotropical.com.br/,Site próprio,,,Já está nas redes
Market St. Anthony,,,,,Não está nas redes
O Queijão | São Pedro da Aldeia,https://www.instagram.com/oqueijaosaopedro?igsh=MWpzbGJpaXhyaTYyMA%3D%3D&utm_source=qr,Instagram,https://www.instagram.com/oqueijaosaopedro?igsh=MWpzbGJpaXhyaTYyMA%3D%3D&utm_source=qr,,Já está nas redes
Mercado Ideal,,,,Sim,Não está nas redes
MERCADO NOSSO SONHO,,,,,Não está nas redes
Açougue e Padaria Macedo,,,,,Não está nas redes
MERCADO PRAIA LINDA,,,,Instagram não detectado,Não está nas redes
Horti Fruti Do Vale,,,,,Não está nas redes
Mercado Estrela,,,,,Não está nas redes
Mercado Novo Horizonte,,,,,Não está nas redes
ALPHA MINI MERCADO,,,,Instagram não detectado,Não está nas redes
Mercadinho Do Gg,,,,Instagram não detectado,Não está nas redes
Padaria e Mercearia do Reinaldo,,,,,Não está nas redes
Supermarket Praia da Costa,,,,Instagram não detectado,Não está nas redes
Super líder,,,,Sim,Não está nas redes
Mercado Amarelinho,,,,,Não está nas redes
Mercado Super Lider,,,https://www.instagram.com/mercadosuperlider/,Não,Já está nas redes
Eskina Do Açai,,,,,Não está nas redes
Poço Fundo,,,,Instagram não detectado,Não está nas redes
Hortifruti do jemuel,https://hortifruti.com.br/,Site próprio,,,Já está nas redes
Ponto de ônibus do mercado Costa Azul( Bus station of Costa Azul Market),,,,,Não está nas redes
M P Marano,,,,,Não está nas redes
O MIRANDA MENDONÇA AUTO SERVIÇOS LTDA,,,,,Não está nas redes
Hortifruti Econômico Do Povão,,,,,Não está nas redes
Hortifruti e Mercearia do Bráz,,,,,Não está nas redes
Mercearia Capixaba,,,,Instagram não detectado,Não está nas redes
Supermarket,https://redesupermarket.com.br/lojas/supermarket-park-lagos/,Site próprio,,,Já está nas redes
Mercado Tropical,http://www.mercadotropical.com.br/,Site próprio,,,Já está nas redes
Hortifruti do Braz,,,,,Não está nas redes
Hortifruti da Família,https://instagram.com/horti_frutidafamilia?igshid=8fadf9kaspr5,Instagram,https://instagram.com/horti_frutidafamilia?igshid=8fadf9kaspr5,,Já está nas redes
Assaí Atacadista,http://www.assai.com.br/,Site próprio,,,Já está nas redes
Distribuidora Amigãozão- Porto do Carro,,,,Instagram não detectado,Não está nas redes
Supermarket Cabo Frio,https://redesupermarket.com.br/lojas/supermarket-cabo-frio/,Site próprio,,,Já está nas redes
Extra Mercado,https://www.clubeextra.com.br/,Site próprio,,,Já está nas redes
Mercadinho Rio,,,,,Não está nas redes
Mercado padaria Hortifruti Maylu,https://geraldo.ueniweb.com/?utm_campaign=gmb,Site próprio,,,Já está nas redes
mercadinho do thiago,,,,,Não está nas redes
Qualité Express - ProLagos,https://qualiteexpress.com.br/,Site próprio,,,Já está nas redes
Hortifrut Sabor de Vida,,,,,Não está nas redes
Hortifruti do Mazarope,,,,Instagram não detectado,Não está nas redes
Hortifruti,https://hortifruti.com.br/,Site próprio,,,Já está nas redes
SuperMarket,https://www.redesupermarket.com.br/lojas/supermarket-jardim-esperanca/,Site próprio,,,Já está nas redes
Mercearia Big Jonne,,,,,Não está nas redes
Mercearia do Valcir,,,,,Não está nas redes
CORPORE FIT alimentação saudável,,,,Instagram não detectado,Não está nas redes
Shopping,,,,Instagram não detectado,Não está nas redes
Peixaria Capitano São Pedro da Aldeia,https://linktr.ee/capitanosaopedrorj,Site próprio,,,Já está nas redes
Armazem Sao Pedro,,,,,Não está nas redes
Quitanda Carioca,,,,,Não está nas redes
Mercearia São Pedro,,,,,Não está nas redes
Empório ArtGranel,,,,Instagram não detectado,Não está nas redes
MERCEARIA SÃO PEDRO M.M,,,,,Não está nas redes
Mercearia e Açougue Ponto Certo,,,,Sim,Não está nas redes
Supermercado Tinoco,,,,,Não está nas redes
Aldeia dos Grãos,https://aldeia-dos-graos.ola.click/,Site próprio,,,Já está nas redes
Fish Market,,,,,Não está nas redes
Terra Viva produtos naturais,http://www.vivadelivery.app.br/,Site próprio,,,Já está nas redes
STATIONERY STORE,,,https://www.instagram.com/bazar_trekos/,Não,Já está nas redes
Peixaria do Nego,,,,,Não está nas redes
Sementes da Terra,https://www.instagram.com/sementesdterra/?hl=pt-br,Instagram,https://www.instagram.com/sementesdterra/?hl=pt-br,,Já está nas redes
Forneria Gourmet - São Pedro da Aldeia,,,https://www.instagram.com/forneria.gourmetspa/,Não,Já está nas redes
Capril da aldeia,,,,,Não está nas redes
Fortaleza do 1 real,https://www.instagram.com/p/CYsHadbMTo6/?utm_medium=copy_link,Instagram,https://www.instagram.com/p/CYsHadbMTo6/?utm_medium=copy_link,,Já está nas redes
Mercado Público De Peixes,,,,,Não está nas redes
Tudo + Doce,,,,,Não está nas redes
NAPARRA,,,,Instagram não detectado,Não está nas redes
Vip dos Lagos Mercado,,,,,Não está nas redes
Do It - Suplementos São Pedro da Aldeia,,,,,Não está nas redes
Manfrenati Café,https://instagram.com/manfrenaticafe?igshid=nqbvxvtg0nib,Instagram,https://instagram.com/manfrenaticafe?igshid=nqbvxvtg0nib,,Já está nas redes
EMBAPEL SÃO PEDRO DA ALDEIA,,,,,Não está nas redes
Hortifruti Balneário,,,,Instagram não detectado,Não está nas redes
Tokpel Descartáveis,,,https://www.instagram.com/tokpeldescartaveis/,Não,Já está nas redes
Don Leal Café,https://www.instagram.com/donlealcafe?igsh=MXVldHFvY21jdG1leQ==,Instagram,https://www.instagram.com/donlealcafe?igsh=MXVldHFvY21jdG1leQ==,,Já está nas redes
Casa do Biscoito,http://www.casadobiscoito.com.br/,Site próprio,,,Já está nas redes
Padaria e Confeitaria Nova Estação Filial,,,https://www.instagram.com/padaria_confeitarianovaestacao/,Não,Já está nas redes
Peixaria Dois Amigos,,,,Sim,Não está nas redes
Peixaria Dudu e Luciene,,,,Instagram não detectado,Não está nas redes
Peixaria Boutique do Mar,,,,,Não está nas redes
Brigadeiros de Casa,http://instagram.com/brigadeirosdecasa,Instagram,http://instagram.com/brigadeirosdecasa,,Já está nas redes
The House Conveniência São Pedro da Aldeia Rj,,,,Instagram não detectado,Não está nas redes
Açougue da Estação,https://m.facebook.com/pages/category/Butcher-Shop/ACOUGUEdaEstacao/posts/,Facebook,,,Já está nas redes
Cestas e Mimos da Glorinha / Cesta de Café da Manhã em São Pedro da Aldeia,https://www.contate.me/cestasemimosdaglorinha,Site próprio,,,Já está nas redes
Padaria Rio Lisboa,https://www.instagram.com/padaria_rio_lisboa/,Instagram,https://www.instagram.com/padaria_rio_lisboa/,,Já está nas redes
Bom Bisco Loja De Doces Em Geral,,,,Instagram não detectado,Não está nas redes
Parafusão,,,,,Não está nas redes
Padaria & Confeitaria Nova Estação,,,,,Não está nas redes
FANTÁSTICA SORVETE - SÃO PEDRO,,,,,Não está nas redes
Viva Bistrô,http://instagram.com/vivabistrospa,Instagram,http://instagram.com/vivabistrospa,,Já está nas redes
PH Imóveis,http://www.philipephimoveis.com.br/,Site próprio,,,Já está nas redes
Plaza Imóveis,https://www.plazaimoveispa.com.br/,Site próprio,,,Já está nas redes
Zup Imóveis,http://www.zupimoveis.com.br/,Site próprio,,,Já está nas redes
NOVOLAR IMOBILIÁRIA,http://www.novolarimobiliariaspa.com.br/,Site próprio,,,Já está nas redes
Imobiliária em São Pedro da Aldeia | AIG IMÓVEIS,https://www.aigimoveis.com.br/?utm_source=google&utm_medium=organic&utm_campaign=gmb-sao-pedro,Site próprio,,,Já está nas redes
Oriental Imoveis,http://orientalimoveis.com.br/,Site próprio,,,Já está nas redes
Lagos Imóveis,https://www.lagosimoveispa.com.br/,Site próprio,,,Já está nas redes
Casa Bacana Negócios Imobiliários,http://www.casabacana.com.br/,Site próprio,,,Já está nas redes
CrisCasa Imobiliária - São Pedro da Aldeia,https://www.criscasaimobiliaria.com.br/,Site próprio,,,Já está nas redes
NOVA S. P. A.,http://novaspa.com.br/,Site próprio,,,Já está nas redes
Sena Corretor de Imóveis,https://www.senacorretor.com.br/,Site próprio,,,Já está nas redes
Imobiliária Casa Grande,https://www.casagranderj.com/,Site próprio,,,Já está nas redes
Leidiane Matos Imóveis,https://www.leidianematosimoveis.com.br/imoveis/a-venda/sao-pedro-da-aldeia-rj?mobilia=talvez&order=mais_relevantes,Site próprio,,,Já está nas redes
WM IMOBILIÁRIA,https://wmwilmamoreiraimobiliaria.com.br/,Site próprio,,,Já está nas redes
Deck da Lagoa Imóveis,https://deckdalagoa.com.br/,Site próprio,,,Já está nas redes
Imobiliária DIOGO GONCALVES IMÓVEIS,http://www.diogogoncalvesimoveis.com.br/,Site próprio,,,Já está nas redes
Imóveis Elaine,http://www.imoveiselaine.com/,Site próprio,,,Já está nas redes
Lar Ideal Corretora de Imóveis,http://laridealcorretoradeimoveis.com.br/,Site próprio,,,Já está nas redes
Corpus Condomínios e Imóveis,http://www.corpusgestao.com.br/,Site próprio,,,Já está nas redes
Imobiliária Lagoon,https://www.imobiliarialagoon.com.br/,Site próprio,,,Já está nas redes
Alves Imóveis,,,,Instagram não detectado,Não está nas redes
Certa Casa - Negócios imobiliários,http://www.certacasa.com.br/,Site próprio,,,Já está nas redes
Henrique Imóveis e Construções,https://henriqueimoveis.imb.br/,Site próprio,,,Já está nas redes
JL Inovart Imobiliária,https://www.jlinovart.com.br/,Site próprio,,,Já está nas redes
ALZIMAR IMÓVEIS,https://alzimar.webnode.com.br/,Site próprio,,,Já está nas redes
Aurélio Marcos Imóveis,http://www.aureliomarcosimoveis.com.br/,Site próprio,,,Já está nas redes
Imovitis,https://www.imovitis.com.br/,Site próprio,,,Já está nas redes
AF Amorim Imóveis,http://www.afamorimimoveis.com.br/,Site próprio,,,Já está nas redes
Condominio Blue Garden Ecoville Sao Pedro Da Aldeia - RJ,https://pt-br.facebook.com/BlueGardenSaoPedro,Facebook,,,Já está nas redes
Cedro Negócios Imobiliários,http://cedroimoveis.com/,Site próprio,,,Já está nas redes
Experium,http://experium.com.br/,Site próprio,,,Já está nas redes
MHP CORRETOR DE IMÓVEIS.,http://mhpcorretordeimoveis.com.br/,Site próprio,,,Já está nas redes
Amanda Santana Imóveis,http://www.amandasantanaimoveis.com.br/,Site próprio,,,Já está nas redes
Wv wilma e Vivian Imobiliária,https://www.wmwilmamoreiraimobiliaria.com.br/,Site próprio,,,Já está nas redes
4MS IMOBILIÁRIA,http://www.4msimobiliaria.com.br/,Site próprio,,,Já está nas redes
APA Imóveis,http://www.apaimobiliaria.com.br/,Site próprio,,,Já está nas redes
Eliana Garcia Imóveis,https://www.elianagarciaimoveis.com.br/,Site próprio,,,Já está nas redes
Miríades Soluções Imobiliárias,https://www.miriadessolucoes.com.br/,Site próprio,,,Já está nas redes
CLAUDECIR IMÓVEIS,http://claudecirimoveis.com.br/,Site próprio,,,Já está nas redes
Optiva Imobiliária,https://www.optivaimoveis.com.br/,Site próprio,,,Já está nas redes
Sena Corretor de Imóveis,http://www.henriquesimoveis.com.br/,Site próprio,,,Já está nas redes
Moriá imóveis e Construções,,,,,Não está nas redes
Jardins de São Pedro,,,,,Não está nas redes
Michelly Motta Imóveis,http://michellymottaimoveis.com.br/,Site próprio,,,Já está nas redes
Leonardo Antunes Imóveis,http://www.leonardoantunesimoveis.com.br/,Site próprio,,,Já está nas redes
Adalex Construtora,https://www.adalexconstrutora.com.br/,Site próprio,,,Já está nas redes
Rafael Prudente Imóveis,http://soareseprudenteimoveis.com.br/,Site próprio,,,Já está nas redes
Fabrício Melo Imobiliária,https://www.fabriciomeloimobiliaria.com.br/,Site próprio,,,Já está nas redes
Aldeia dos Ventos Imobiliaria,,,,,Não está nas redes
Farm village,,,,,Não está nas redes
Apartamento em São Pedro da Aldeia,,,,,Não está nas redes
Condominium White Swan,https://condominiocisnebranco.com.br/,Site próprio,,,Já está nas redes
CMattos,,,,,Não está nas redes
C.Baroni Imóveis,,,,Instagram não detectado,Não está nas redes
Plug Administradora e Corretora,https://www.plugadministradora.com.br/286/imoveis/locacao-casa-3-quartos-sao-pedro-da-aldeia-rj,Site próprio,,,Já está nas redes
Nelson Dutra Imóveis,,,,,Não está nas redes
Loteamento Recanto Olga Diuana Zacarias,https://chat.whatsapp.com/DfUILXtxYDuBEFwFwOgOdp,Site próprio,,,Já está nas redes
Residêncial Aldeia das Asas,,,,,Não está nas redes
ALA PRIME Imóveis,,,,,Não está nas redes
Vanessa Vieira Corretora de Imóveis,,,,Instagram não detectado,Não está nas redes
Auto Mecanica Azevedo oficina Mecânica em São Pedro da Aldeia,,,,,Não está nas redes
Fire Mecânica Automotiva - Mecânico em São Pedro da Aldeia,,,,Instagram não detectado,Não está nas redes
OFICINA MAKILA,,,,Instagram não detectado,Não está nas redes
SUMMER AUTO CENTER,,,,,Não está nas redes
Auto Mecanica Dois Irmaos,,,https://www.instagram.com/automecanica.2irmaos/,Não,Já está nas redes
Dancar Auto Center,,,,,Não está nas redes
Zé Mecânico da Aldeia,,,,,Não está nas redes
Auto Mecânica Bons Amigos,,,,Sim,Não está nas redes
MM Service car,http://www.mmservicecar.com.br/,Site próprio,,,Já está nas redes
Marujo auto center,,,,Instagram não detectado,Não está nas redes
Auto Mecânica Litoral,,,,Instagram não detectado,Não está nas redes
Concept car,https://www.instagram.com/conce.ptcar/,Instagram,https://www.instagram.com/conce.ptcar/,,Já está nas redes
Oficina do Fabinho - Oficina Mecânica em São Pedro da Aldeia,,,,Sim,Não está nas redes
Marujos Centro Automotivo,,,,Instagram não detectado,Não está nas redes
Assistência mecânica CITROLIFE,,,,Instagram não detectado,Não está nas redes
Car & Cia Centro Automotivo,http://www.carciaautomotivo.com.br/,Site próprio,,,Já está nas redes
L&S Mecânica Automotiva,https://jim.com/a/suzana-paranhos-906,Site próprio,,,Já está nas redes
Auto Mec,,,,,Não está nas redes
"Oficina do Rodrigo lanternagem, mecânica e elétrica",,,,,Não está nas redes
Oficina do Maycon,,,,,Não está nas redes
OFICINA DO FAEL,https://www.facebook.com/profile.php?id=100022460199971,Facebook,,,Já está nas redes
"Oficina Mecânica em geral e Ar-condicionado Automotivo, atendimento 24hrs",,,,Instagram não detectado,Não está nas redes
Oficina Marques e Oliveira,,,,,Não está nas redes
Zé Mecânico D´Aldeia,,,,,Não está nas redes
Jsampaio Auto Center,http://www.jsampaioautocenter.com.br/,Site próprio,,,Já está nas redes
Périssé mecânica automotiva,http://whatsapp.com/send?phone=5522991054527,Site próprio,,,Já está nas redes
Beto Auto Mecânica,,,,,Não está nas redes
Stock Car Auto Center,https://www.centroautomotivolagos.com.br/,Site próprio,,,Já está nas redes
Oficina Marretas,,,,,Não está nas redes
Auto Elétrica Móvel Mangueira,http://www.facebook.com/AutoEletricaMangueira?ref=hl,Facebook,,,Já está nas redes
JP PNEUS E REBOQUE,,,,Instagram não detectado,Não está nas redes
Pai & Filho JS,,,,Sim,Não está nas redes
Vip Auto Center,https://instagram.com/vip_autocenteer?igshid=1cs918obbqak0,Instagram,https://instagram.com/vip_autocenteer?igshid=1cs918obbqak0,,Já está nas redes
Metal Mecânica,,,,,Não está nas redes
Oficina do Amaral,,,,,Não está nas redes
Interlagos Pneus Auto Center,https://hiperguia.com.br/empresa/interlagos-pneus-autocenter-em-sao-pedro-da-aldeia-rj/,Site próprio,,,Já está nas redes
Centro Automotivo,,,,,Não está nas redes
LINDO CAR,,,,,Não está nas redes
Auto Peças Abrantes,,,,,Não está nas redes
Auto Mecânica Presidente,,,,,Não está nas redes
Claudinho Car,,,,Instagram não detectado,Não está nas redes
Luancar Auto Center e Mecânica Automotiva,,,,,Não está nas redes
Rota13 Oficina Mecânica Veiculos Leves,,,,,Não está nas redes
Unicar,,,,,Não está nas redes
Oficina do Boleba,,,,,Não está nas redes
Augusto Diesel,,,,,Não está nas redes
Auto Elétrica 1Berto,,,,,Não está nas redes
TOTALTEC- Automotive Center,https://www.instagram.com/totaltec.eletronicos/,Instagram,https://www.instagram.com/totaltec.eletronicos/,,Já está nas redes
Cadu Car service,https://www.youtube.com/channel/UCUONv4g74nXtRRcIWGeOUrg,Site próprio,,,Já está nas redes
Oficina Costa & Britto,https://oficinacostabritto.com.br/,Site próprio,,,Já está nas redes
auto center,https://atom.bio/amarelinhoautocenter,Site próprio,,,Já está nas redes
AUTO PEÇAS SALVADOR,https://www.instagram.com/autopecas_salvador_oficial,Instagram,https://www.instagram.com/autopecas_salvador_oficial,,Já está nas redes
Yehoshua Moto peças e borracharia,,,,Instagram não detectado,Não está nas redes
Total Center Distribuidora - Pneus - Alinhamento e Balanceamento - Mecânica - Suspensão e Freios,https://www.instagram.com/totalcenterdistribuidora/,Instagram,https://www.instagram.com/totalcenterdistribuidora/,,Já está nas redes
ATELIER DAS RODAS,,,,,Não está nas redes
Oficina do irmão Fábio,,,,,Não está nas redes
Escapadao D'Aldeia,,,,,Não está nas redes
Guedes motors,,,,Instagram não detectado,Não está nas redes
PNEUS ATTACK - são pedro da aldeia,https://www.instagram.com/pneusattack/,Instagram,https://www.instagram.com/pneusattack/,,Já está nas redes
Auto Peças Aquino,,,,,Não está nas redes
Mauro Auto Parts in Sao Pedro da Aldeia,,,,,Não está nas redes
ZOOM Auto Peças,https://zoomautopecas.com.br/,Site próprio,,,Já está nas redes
Parts Chavauto,https://bit.ly/wpp-chavauto,Site próprio,,,Já está nas redes
Rezende Auto Peças,,,https://www.instagram.com/rezende_autopecas/,Não,Já está nas redes
Shopping das Peças,http://www.shoppingdaspecas.amawebs.com/,Site próprio,,,Já está nas redes
Auto Peças Rio Bonito,,,https://www.instagram.com/autopecasderiobonito/,Não,Já está nas redes
Antônio Autopeças,,,,,Não está nas redes
Auto Peças Do Pará,,,,,Não está nas redes
Jomago Auto Peças,,,,Instagram não detectado,Não está nas redes
Auto Eleva,,,,Instagram não detectado,Não está nas redes
OM Autopeças,https://sites.google.com/view/omautopecas,Site próprio,,,Já está nas redes
MP Auto Center,,,,Instagram não detectado,Não está nas redes
Auto Peças Mercelagos - Caminhões e Ônibus,,,,,Não está nas redes
SopeÇas dos fogões,,,,,Não está nas redes
FGM Auto Peças,,,https://www.instagram.com/fgmautopecas/,Não,Já está nas redes
Central Auto Peças,https://www.instagram.com/centralautopecascf/,Instagram,https://www.instagram.com/centralautopecascf/,,Já está nas redes
SE Acessórios São Pedro 1,,,,Instagram não detectado,Não está nas redes
Mobcell São Pedro da Aldeia,,,,,Não está nas redes
Auto Peças Mercelagos,,,https://www.instagram.com/autopecasmercelagos/,Não,Já está nas redes
GARAGE AUTO ELÉTRICA,,,,,Não está nas redes
Bazar Santos e Marinho BSM,https://www.instagram.com/bazarsantosemarinho/,Instagram,https://www.instagram.com/bazarsantosemarinho/,,Já está nas redes
Auto pecas,,,,Instagram não detectado,Não está nas redes
Auto Peças Da Ponte Nacionais E Importados,,,,,Não está nas redes
Antônio Autopeças,https://w.app/ziqgn2,Site próprio,,,Já está nas redes
Pará Auto Peças,,,,Instagram não detectado,Não está nas redes
"Av. São Pedro, 30 - Lj A",,,,,Não está nas redes
Akra Joias,https://www.akrajoias.com.br/,Site próprio,,,Já está nas redes
Novo Lare,http://www.novolare.com.br/,Site próprio,,,Já está nas redes
Americanas Express,https://www.americanas.com.br/nossas-lojas?utm_source=google&utm_medium=maps&utm_campaign=gmb_610&utm_content=mn_00_00_go_pacotelocal,Site próprio,,,Já está nas redes
Rio Livraria e Papelaria,,,,Instagram não detectado,Não está nas redes
F&B Cell - Assistência Técnica e Acessórios,,,,,Não está nas redes
Lais Store,https://catalagolaisstore.kyte.site/1692028260957-a6dPn,Site próprio,,,Já está nas redes
"R. Prof. Cordelino Teixeira Paulo, 58 - Lj 01",,,,,Não está nas redes
Senhora do Campo - Saboaria Criativa,,,,Instagram não detectado,Não está nas redes
"Av. Getúlio Vargas, 25 - Lj 04",,,,,Não está nas redes
DROGARIA TAMOIO,http://www.drogariastamoio.com.br/,Site próprio,,,Já está nas redes
Loja Tim - São Pedro da Aldeia,,,,,Não está nas redes
Belíssima,,,,,Não está nas redes
A'Doro Presentes,https://www.instagram.com/adoro_presentes_?igsh=MWk4cjAwamR0ZGp6aw==,Instagram,https://www.instagram.com/adoro_presentes_?igsh=MWk4cjAwamR0ZGp6aw==,,Já está nas redes
Drogaria Lagos Farma - Centro de São Pedro,https://drogarialagosfarma.com.br/,Site próprio,,,Já está nas redes
Droga Raia,,,,,Não está nas redes
Drogarias Conceito,,,,,Não está nas redes
Drogaria CityFarma São Pedro da Aldeia,,,,Instagram não detectado,Não está nas redes
Drogarias Alexandre,http://www.drogariasalexandre.com.br/,Site próprio,,,Já está nas redes
Drogarias Max - Estação,https://franquiasmax.com.br/nossas-unidades/,Site próprio,,,Já está nas redes
Drogaria nova são pedro,,,,,Não está nas redes
Drogarias Alexandre,http://www.drogariasalexandre.com.br/,Site próprio,,,Já está nas redes
"Drogarias Tamoio São Pedro da Aldeia: Medicamentos, Genérico, Delivery, RJ",https://www.drogariastamoio.com.br/,Site próprio,,,Já está nas redes
Rede Lagos - Porto da Aldeia,https://novamaisfarmaredelagos.my.canva.site/site-rede-lagos,Site próprio,,,Já está nas redes
Viva Mais,,,,,Não está nas redes
Drogaria São Pedro,https://www.instagram.com/drogariasaopedro_spa?igsh=azhocXYxdmI0MXgw,Instagram,https://www.instagram.com/drogariasaopedro_spa?igsh=azhocXYxdmI0MXgw,,Já está nas redes
"Drogarias Tamoio São Pedro da Aldeia: Medicamentos, Genérico, Delivery",https://www.drogariastamoio.com.br/,Site próprio,,,Já está nas redes
Drogaria Famill,,,,Instagram não detectado,Não está nas redes
FARMA Saúde,,,,,Não está nas redes
Drogaria Farma Bairro Porto D'Aldeia,,,,,Não está nas redes
Rede De Farmacias Forte Farma,,,https://www.instagram.com/fortefarma_spa/,Não,Já está nas redes
Drogaria Medique | Farmácia em São Pedro da Aldeia São João,,,,,Não está nas redes
Drogarias Max - Campo Redondo,http://www.drogariasmaxonline.com.br/,Site próprio,,,Já está nas redes
Drogaria Moderna,,,,,Não está nas redes
Drogarias Max - São João,http://www.drogariasmaxonline.com.br/,Site próprio,,,Já está nas redes
Farmácia Manipulação e Homeopatia Fonte Viva,https://www.instagram.com/farmaciafonteviva,Instagram,https://www.instagram.com/farmaciafonteviva,,Já está nas redes
Farmácias Predileta - Cabo Frio e São Pedro da Aldeia,http://linktr.ee/farmaciaspredileta,Site próprio,,,Já está nas redes
Drogaria Decisão - Nova São Pedro,,,,Sim,Não está nas redes
Drogaria Nova Farma - Campo Redondo,https://novamaisfarmaredelagos.my.canva.site/site-rede-lagos,Site próprio,,,Já está nas redes
Farmaup On-Line,,,,Instagram não detectado,Não está nas redes
Drogaria Farma Bairro Rua do Fogo,https://www.instagram.com/farmabairrorf/,Instagram,https://www.instagram.com/farmabairrorf/,,Já está nas redes
Drogaria Lagos Farma - Vinhateiro,https://drogarialagosfarma.com.br/,Site próprio,,,Já está nas redes
Bela Vista,,,,,Não está nas redes
São Pedro da aldeia,,,,Instagram não detectado,Não está nas redes
Drogaria Farma Bairro Baixo Grande,https://www.instagram.com/farmabairrobg/,Instagram,https://www.instagram.com/farmabairrobg/,,Já está nas redes
Drogaria Lagos Farma - Alecrim,https://drogarialagosfarma.com.br/,Site próprio,,,Já está nas redes
Drogaria Alecrim,https://social-commerce.nappsolutions.io/b6ad9c42-d240-45af-8ca9-877d8029299d,Site próprio,,,Já está nas redes
Drogarias Max - Porto do Carro,http://www.drogariasmaxonline.com.br/,Site próprio,,,Já está nas redes
Drogaria Bem Estar,,,,,Não está nas redes
"Farmácias Predileta Unidade 02 - São João, São Pedro da Aldeia",,,,,Não está nas redes
Drogaria Balneário,https://www.ifood.com.br/delivery/sao-pedro-da%20-aldeia-rj/drogaria-balneario-balneario-sao-pedro%20-ii/Od312099-1734-440f-b78f-446b2b6eb1a5?UTM%20Medium=share,Site próprio,,,Já está nas redes
Drogaria bem estar,,,,Sim,Não está nas redes
Drogaria Poço Fundo,,,,Instagram não detectado,Não está nas redes
Drogaria Geribá Bairro São João São Pedro da Aldeia,https://whats.link/drogariageriba,Site próprio,,,Já está nas redes
Drogaria Farma Bairro Praia Linda,https://www.instagram.com/redefarmabairro/,Instagram,https://www.instagram.com/redefarmabairro/,,Já está nas redes
Drogaria Recanto da Saúde - Grupo Multifarma,https://www.instagram.com/drogariarecantodasaude/,Instagram,https://www.instagram.com/drogariarecantodasaude/,,Já está nas redes
Unifarma da Aldeia Farmácia,,,,Instagram não detectado,Não está nas redes
Drogaria São João,,,,Instagram não detectado,Não está nas redes
Drogaria Legítima,,,,Instagram não detectado,Não está nas redes
Drogaria Mega Popular Bairro São João SPA,,,,Sim,Não está nas redes
Drogaria São José,,,,Instagram não detectado,Não está nas redes
Farmácia Do João,,,,,Não está nas redes
Alcool em gel,,,,Instagram não detectado,Não está nas redes
DROGARIAS LEGÍTIMA,http://www.drogariaslegitima.com.br/,Site próprio,,,Já está nas redes
Drogarias Alexandre,http://www.drogariasalexandre.com.br/,Site próprio,,,Já está nas redes
São Pedro da Aldeia City Hall,http://pmspa.rj.gov.br/,Site próprio,,,Já está nas redes
Laguna Beach Club Pousada,,,,,Não está nas redes
Pousada Cave do Sol,http://hotelcavedosol.com.br/,Site próprio,,,Já está nas redes
Pousada Boutique do Lazer SPA,,,,,Não está nas redes
Pousada Gira- Sol,,,,,Não está nas redes
Pousada Enseada das Garças,http://www.enseadadasgarcas.com.br/,Site próprio,,,Já está nas redes
Pousada São Pedro,https://www.facebook.com/pousadasaopedro.aldeia/,Facebook,,,Já está nas redes
Pousada Aldeia dos Ventos,,,,,Não está nas redes
Pousada Villa Mares,http://www.villamares.com.br/,Site próprio,,,Já está nas redes
Pousada Beach Xodó,http://www.xododapraia.com.br/,Site próprio,,,Já está nas redes
Guest house da torre,https://www.hurb.com/hoteis/sao-pedro-da-aldeia/guest-house-da-torre-17346,Site próprio,,,Já está nas redes
Pousada Sol Radiante,,,,,Não está nas redes
Pousada Pargos,https://reservas.voahoteis.com.br/hoteis/voa-pousada-pargos?utm_source=gmb&utm_medium=voa-pousada-pargos,Site próprio,,,Já está nas redes
Pousada Sol de Verão,,,https://www.instagram.com/pousadasoldeveraospa/,Não,Já está nas redes
Pousada Porto DI Mare,https://www.booking.com/hotel/br/porto-di-mare-sao-pedro-da-aldeia.pt-br.html?aid=7344103&label=metatripad-link-dmetabr-hotel-10205472_xqdz-60d906b64463366f2b050ff0a19fbfeb_los-02_bw-000_tod-4_dom-combr_curr-BRL_gst-02_nrm-01_clkid-403650da-6c1b-4164-ae33-2d9595715175_aud-0000_mbl-L_pd-B_sc-2_defdate-0_spo-0_clksrc-0_mcid-10&sid=b0880647f56dd8291c0492ec977e7c47&all_sr_blocks=1020547206_374437811_2_1_0;checkin=2023-07-07;checkout=2023-07-09;dest_id=-672018;dest_type=city;dist=0;group_adults=2;group_children=0;hapos=1;highlighted_blocks=1020547206_374437811_2_1_0;hpos=1;matching_block_id=1020547206_374437811_2_1_0;no_rooms=1;req_adults=2;req_children=0;room1=A%2CA;sb_price_type=total;sr_order=popularity;sr_pri_blocks=1020547206_374437811_2_1_0__24000;srepoch=1688715013;srpvid=252c34c132d60099;type=total;ucfs=1&#hotelTmpl,Site próprio,,,Já está nas redes
The Beach Pontal,http://www.pontaldapraia.com.br/,Site próprio,,,Já está nas redes
RESONAMUH - Hostel,,,,,Não está nas redes
São Pedro Da Aldeia Regina,,,,,Não está nas redes
Pousada VKG Suítes,https://bit.ly/48A2Zsd,Site próprio,,,Já está nas redes
O Cantinho do Bem-te-vi,,,,,Não está nas redes
Kafofo do Mirandela,,,,Instagram não detectado,Não está nas redes
Pousada Raízes,,,https://www.instagram.com/pousadaraizesspa/,Não,Já está nas redes
Hospedagem canarinhos,,,,Instagram não detectado,Não está nas redes
Solar Hotel,,,,Instagram não detectado,Não está nas redes
Pousada Restaurante - mansao dos lagos,,,,,Não está nas redes
Pousada Ponta da Peça,,,,Instagram não detectado,Não está nas redes
Residência belo Sol,,,https://www.instagram.com/belosol_pousada/,Não,Já está nas redes
Home Hostel da Aldeia,,,,Instagram não detectado,Não está nas redes
Pousada Oliette Couper,,,,Instagram não detectado,Não está nas redes
Guest House Flor de Laranjeira,,,,,Não está nas redes
Pousada Burití,,,,,Não está nas redes
POUSADA OLIVIA,,,,,Não está nas redes
Pousada Lagoa Azul,"https://www.booking.com/hotel/br/pousada-lagoa-azul-sao-pedro-da-aldeia.pt-br.html?aid=309654;label=booking-be-pt-row-PHvmeyOoITovalf5NnYk1gS49564850452:pl:ta:p1:p22,553,000:ac:ap1t1:neg:fi:tiaud-285284110006:kwd-98299850:lp1032081:li:dec:dm;sid=7fbebdede5cef3b8e6cce76cd70d2895;dest_id=-672018;dest_type=city;dist=0;from_beach_non_key_ufi_sr=1;group_adults=2;group_children=0;hapos=8;hpos=8;no_rooms=1;room1=A,A;sb_price_type=total;sr_order=popularity;srepoch=1573848932;srpvid=5b7a8e72937f0017;type=total;ucfs=1&#hotelTmpl",Site próprio,,,Já está nas redes
Pousada Dom Vitorio's,,,https://www.instagram.com/pousadadomvitorios/,Não,Já está nas redes
Pousada Via Lagos,http://www.pousadavialagos.com.br/,Site próprio,,,Já está nas redes
Cantinho da Bethânia,,,,,Não está nas redes
Pousada uti leisure,,,,,Não está nas redes
Casa Brisa da lagoa para temporada com piscina e 6 qtos,http://www.lfimoveistemporada.com.br/,Site próprio,,,Já está nas redes
Pousada Central Praias,,,,,Não está nas redes
Pousada Top12,,,,,Não está nas redes
Tahiti Inn,,,,,Não está nas redes
Casa da Aldeia,,,https://www.instagram.com/casadealdeia/,Não,Já está nas redes
Pousada Newdawn,http://pousadanewdawn.com.br/,Site próprio,,,Já está nas redes
Aluguel Econômico Parque Central,https://www.alugueleconomico.com.br/pt/,Site próprio,,,Já está nas redes
Hostel Periquito,,,,,Não está nas redes
Mar-a-Lagoa,https://www.airbnb.com.br/users/show/653300274,Site próprio,,,Já está nas redes
Pousada Elefantinho,,,,,Não está nas redes
Sampa Grill Restaurante e Pousada,https://instagram.com/sampagrill_sudoeste?igshid=YmMyMTA2M2Y=,Instagram,https://instagram.com/sampagrill_sudoeste?igshid=YmMyMTA2M2Y=,,Já está nas redes
Pousada Casa de Praia Cabo Frio,http://www.casadepraiacabofrio.com.br/,Site próprio,,,Já está nas redes
Suíte Ponta da Areia,,,,,Não está nas redes
Cavalinho Marinho - Aluguel por temporada,,,,Instagram não detectado,Não está nas redes
Hostel Recanto Musio,https://hostel-recanto-musio.ueniweb.com/?utm_campaign=gmb,Site próprio,,,Já está nas redes
Pousada Lugar de Ser Feliz,,,,,Não está nas redes
Pitória Guest House,,,,,Não está nas redes
The Férias - Suítes Z,,,,,Não está nas redes
Pousada Casa da Pedra,,,,,Não está nas redes
Casa Mar-A-Lagoa,https://maralagoa.com.br/,Site próprio,,,Já está nas redes
Pousada da Vovó Maria,https://pousadavovomaria.netlify.app/,Site próprio,,,Já está nas redes
Pousada São Pedro,,,,,Não está nas redes
Pousada 24hrs,,,,,Não está nas redes
Casa Viva Mar,,,,Instagram não detectado,Não está nas redes
IBELLO BEACH pousada,https://www.instagram.com/ibellobeachpousada/?igsh=dmNpb2F1NTV1Zjdw&utm_source=qr,Instagram,https://www.instagram.com/ibellobeachpousada/?igsh=dmNpb2F1NTV1Zjdw&utm_source=qr,,Já está nas redes
POUSADA CAPRICHO,http://www.facebook.com/suitedoamor,Facebook,,,Já está nas redes
Pousada d'Aldeia,https://www.instagram.com/pousada.daldeiarj?igsh=bWh0bGZ1empncDM3,Instagram,https://www.instagram.com/pousada.daldeiarj?igsh=bWh0bGZ1empncDM3,,Já está nas redes
Casas de Temporada Lagoa,https://casasdetemporadacabofrio.my.canva.site/casa-frente-para-lagoa,Site próprio,,,Já está nas redes
Jujuhostel,,,,,Não está nas redes
Cantinho da Cláudia,http://www.instagram.com/cantinhodaclaudiacf,Instagram,http://www.instagram.com/cantinhodaclaudiacf,,Já está nas redes
Pousada Recanto Via Mares,https://sites.google.com/view/pousadarecantoviamares,Site próprio,,,Já está nas redes
Carvalho & Lima - Advocacia com Propósito,,,,,Não está nas redes
Dulcilene Basílio/ ADVOGADA ótima advogada nota 1000,https://dulcilenebasilioadv.com.br/,Site próprio,,,Já está nas redes
Dr.ª Flavia Bezerra Advogada Previdenciária,,,,,Não está nas redes
JULIO CESAR - Previdência & Direito,https://juliocesaradvocacia.adv.br/,Site próprio,,,Já está nas redes
Patrícia Cabral - Advocacia e Consultoria,,,,,Não está nas redes
Santos e Toledo Advogados Associados,https://santosetoledoadv.com.br/,Site próprio,,,Já está nas redes
DRA. LORRANE BITTENCOURT ADVOCACIA,https://medicamentonegado.com/,Site próprio,,,Já está nas redes
Grupo Félix Advogados,,,,,Não está nas redes
Vidal & Pereira Lima Escritório de Advocacia,https://vidalepereiralimaadv.com.br/,Site próprio,,,Já está nas redes
Escritório de Advocacia Pedro Paulo,,,,Instagram não detectado,Não está nas redes
Poliana Braga Advocacia,,,,Sim,Não está nas redes
Dra. Marcia Tostes - Advogada,,,,Instagram não detectado,Não está nas redes
Cozsentino's Advocacia,,,,Instagram não detectado,Não está nas redes
VRL ADVOCACIA,,,,,Não está nas redes
Gabriel Manges - Advocacia,https://www.gabrielmangesadv.com/,Site próprio,,,Já está nas redes
TALITA MALLMANN SOCIEDADE INDIVIDUAL DE ADVOCACIA,https://www.talitamallmann.adv.br/,Site próprio,,,Já está nas redes
Pérola Braga - Advocacia Criminal,,,,,Não está nas redes
Jéssica Misseroli Advogada,https://www.advjessicamisseroli.com.br/,Site próprio,,,Já está nas redes
Michelle Grassini Advocacia e Consultoria Jurídica,http://michellegrassiniadvocacia.com.br/,Site próprio,,,Já está nas redes
Mylla Souza - Advocacia e Consultoria Jurídica,https://www.instagram.com/invites/contact/?i=zzky1nay0rl5&utm_content=mfnt8oh,Instagram,https://www.instagram.com/invites/contact/?i=zzky1nay0rl5&utm_content=mfnt8oh,,Já está nas redes
Carla Menegat Advocacia,https://carlamenegat.adv.br/,Site próprio,,,Já está nas redes
Renata Medeiros Advocacia,,,,,Não está nas redes
Araújo Xavier Advocacia,https://www.araujoxavier.adv.br/,Site próprio,,,Já está nas redes
Dra. Caroline de Almeida Albuquerque,http://www.carolinealbuquerque.adv.br/,Site próprio,,,Já está nas redes
Dra. Danielle Blanco e associados advocacia especializada,,,,,Não está nas redes
Escritório de advocacia,https://cristianealbuquerque.adv.br/,Site próprio,,,Já está nas redes
Renata Pessôa Advocacia,,,,,Não está nas redes
Cristiana Viana Advocacia,http://www.cristianavianaadvocacia.com.br/,Site próprio,,,Já está nas redes
Kostrzepa Jaworski Advocacia,,,,,Não está nas redes
George de Deus- Advogado / Sociedade individual e Advocacia,,,,Instagram não detectado,Não está nas redes
"Fernandes, Portilho e Gonçalves",,,,Instagram não detectado,Não está nas redes
Ketellen Amaral Advocacia,,,,,Não está nas redes
"Advogada correspondente de São Pedro da Aldeia, Patrícia de Alcântara Sales Santos",,,,Instagram não detectado,Não está nas redes
OAB de São Pedro da Aldeia,https://oabsaopedrodaaldeia.org.br/,Site próprio,,,Já está nas redes
Drª. Juliana Cardoso - Advocacia e Consultoria Jurídica,,,,,Não está nas redes
Dornelas de Castro Advogados,,,,Instagram não detectado,Não está nas redes
Chalegre Advogado Cível em São Pedro da Aldeia,,,,,Não está nas redes
Escritório de Advocacia,,,,,Não está nas redes
JC FORTES ADVOCACIA,http://instagram.com/jcfortesadvocacia,Instagram,http://instagram.com/jcfortesadvocacia,,Já está nas redes
Carvalho&Santos Advogados,,,,,Não está nas redes
Porto Advocacia,http://www.portoadvocaciaprev.com.br/,Site próprio,,,Já está nas redes
"Sandro Noda, Advogado em Causas Previdenciárias",https://advprevi.online/especialista-em-direito-previdenciario/,Site próprio,,,Já está nas redes
Advogados Associados,,,,,Não está nas redes
MAURO SÉRGIO ADVOGADOS ASSOCIADOS,,,,Instagram não detectado,Não está nas redes
Fonseca & Evangelista- ADVOGADOS,,,,Instagram não detectado,Não está nas redes
Cristiane de Albuquerque,https://cristianealbuquerque.adv.br/,Site próprio,,,Já está nas redes
Fernandes dos Santos Advocacia,https://fernandesdossantos.adv.br/,Site próprio,,,Já está nas redes
Bouth Guedes Propriedade Intelectual,,,,,Não está nas redes
Soares & Prudente Advocacia,,,,,Não está nas redes
Carlos Magno Advogados e Associados,,,,,Não está nas redes
Thais Preciosa Advogados Associados,https://www.instagram.com/advogando.pra.voce?utm_source=ig_web_button_share_sheet&igsh=ZDNlZDc0MzIxNw==,Instagram,https://www.instagram.com/advogando.pra.voce?utm_source=ig_web_button_share_sheet&igsh=ZDNlZDc0MzIxNw==,,Já está nas redes
Stella Veiga Advogada,,,,,Não está nas redes
Renan Gonçalves Advocacia,,,,Instagram não detectado,Não está nas redes
Leone & Braga Advocacia,,,,,Não está nas redes
Escritório de Advocacia Siqueira e Oliveira Advogados,,,,,Não está nas redes
Advogada Pamella Monteiro,,,,,Não está nas redes
Advogados Escritório Previdênciário LCR,https://sites.google.com/view/escritrio-lcr/p%C3%A1gina-inicial,Site próprio,,,Já está nas redes
EASM Advocacia e Assessoria Imobiliária,,,,Instagram não detectado,Não está nas redes
Brenda Santos Advogada,,,,,Não está nas redes
Pons Advocacia,,,,,Não está nas redes
Razão Organização Contábil,http://www.razaocontab.com/,Site próprio,,,Já está nas redes
Inova Contabilidade e Consultoria,https://wa.me/5522999059182,Site próprio,,,Já está nas redes
Thaycon Soluções Empresariais,http://www.thaycon.com.br/,Site próprio,,,Já está nas redes
Trinus Contábil & Assessoria Empresarial São Pedro da Aldeia,https://www.instagram.com/login/oidc/?code=AannRQ5ZcWBNsLWFllNMskB6-j_OxpnmrzhiB8m2FbE_7RMmY5lhrgCZr2_30cWeja58-a0kgww4x8Smx3VC6Nj_0p69-C9-9uEpzh8dA-J6IzEbpVjSm4sg0B3jV3lYRhmoSIqYlvxgfLWArw3WKziEEw5NoC7HJQTIU8UOGhhOS95F86U5PmEe8llD-1i2afpgnpC5&state=ATp0ASLcJC5MQa9H5UQ0D2epzH4GLmfB9iWKSiTGvMg4ow6IcdTDyTsXdHhVzX_myYMp85hDoynzrIp_Ncw3qOrSRtQOAr2UIYC_BrChiXNvCqfIecUWJJOISeLMEP7Sk3fZg1pWa_RUUvM8jTHuQRmA0AlbO_VQoSvVBqfghL5wnXImEuIEHi-hvwyQVEEJ22pzHmGTC-EoDfnFhbeoRL3-_FY7QXqfJmNHYuWyB3mINuKnpomgMoAYYvZTt_k5QZcJpAbVgU7CJ-c7B1lYA7AMtRcsdhYXUoKLFBNakiT_CNCY-EQ_Wbw1i6LgMagrSiXbbXUlWNT5lKQaA1i3sIY5O3r0M6AwR72Dr2Sy3QxwMRjK8paGMjB4aq5ldcSioNOomph9bSzT9O2IvkF7iCMBWuXt4qf4hWqysvX50HdyM06LS2xlGpxcZLeBlyfLUC4rAF_hcV6xcqJtKETSBo0Uwn2pb7sWvLxPYWaDDuHuAPLa018Z7tqnybj6R3OPoynUeTjg8XFSFHhXgnZ_lEL9WriMxPuMOJG29ZUCVV6RqGXxMqYbntAynkr9m08qcBp_B_msdxDRle_KYkYD3ryZo7034Hk7TSS1rvdTillh9Etytz8xyCfinRfOW2rwHXH932F8AG5VU82VrUyptx1ioq37I2tPrhoKsEsywjcoiRrBIV1iNu5SC-_77-h_ZuNG_FGpOeWJqUf5w_lCan5Qw4PV2jGC0WkJmD4PvPMWjepqxGNMZe7KbPKbsdoovzCBHW8UTbMq8ASLG4H2s40kXjRGF23N_JOMy5k-ymOZ2kI3Kft4kShRu3HK0nr2u-3BY8T6EksgG-mQQ-6ufndI7F4AtjiSrcuifKEDvTHrTRs5vclzeZ8zVTH-tKQtgrXOTsaWxEGN3bSNUkg7aiFq8unH4Y_mQFJVehGvwt7buC6KNbGjXPf7RDkptFVQcn03Q1bpZ3RKMDqEZVhvr2uZHAelxuiWEtmWHPAQUvEDxPnbWMGql_jyTfjsfWY2kUsqQeLlEkG-S7obUO8OEe2a8AQIvw-Aer7OLx4EhCZxAfuKJe047uqIlwyMcXDVX3QpzzDkhmzDDMVwPw4k6iuLPTF01zm3fSGKurbzVO74_ij42UrF-rurMZ6iVYaHYfMtMbQn1iE0pPUjqrky7KPuzXJKDhp46PGRDIpZ_b7tI-6Fd9pwcyoNoMjyGmV10puvj1X0jAo36JIIHNONGW_7eeVUIXuY3Vec2PzA,Instagram,https://www.instagram.com/login/oidc/?code=AannRQ5ZcWBNsLWFllNMskB6-j_OxpnmrzhiB8m2FbE_7RMmY5lhrgCZr2_30cWeja58-a0kgww4x8Smx3VC6Nj_0p69-C9-9uEpzh8dA-J6IzEbpVjSm4sg0B3jV3lYRhmoSIqYlvxgfLWArw3WKziEEw5NoC7HJQTIU8UOGhhOS95F86U5PmEe8llD-1i2afpgnpC5&state=ATp0ASLcJC5MQa9H5UQ0D2epzH4GLmfB9iWKSiTGvMg4ow6IcdTDyTsXdHhVzX_myYMp85hDoynzrIp_Ncw3qOrSRtQOAr2UIYC_BrChiXNvCqfIecUWJJOISeLMEP7Sk3fZg1pWa_RUUvM8jTHuQRmA0AlbO_VQoSvVBqfghL5wnXImEuIEHi-hvwyQVEEJ22pzHmGTC-EoDfnFhbeoRL3-_FY7QXqfJmNHYuWyB3mINuKnpomgMoAYYvZTt_k5QZcJpAbVgU7CJ-c7B1lYA7AMtRcsdhYXUoKLFBNakiT_CNCY-EQ_Wbw1i6LgMagrSiXbbXUlWNT5lKQaA1i3sIY5O3r0M6AwR72Dr2Sy3QxwMRjK8paGMjB4aq5ldcSioNOomph9bSzT9O2IvkF7iCMBWuXt4qf4hWqysvX50HdyM06LS2xlGpxcZLeBlyfLUC4rAF_hcV6xcqJtKETSBo0Uwn2pb7sWvLxPYWaDDuHuAPLa018Z7tqnybj6R3OPoynUeTjg8XFSFHhXgnZ_lEL9WriMxPuMOJG29ZUCVV6RqGXxMqYbntAynkr9m08qcBp_B_msdxDRle_KYkYD3ryZo7034Hk7TSS1rvdTillh9Etytz8xyCfinRfOW2rwHXH932F8AG5VU82VrUyptx1ioq37I2tPrhoKsEsywjcoiRrBIV1iNu5SC-_77-h_ZuNG_FGpOeWJqUf5w_lCan5Qw4PV2jGC0WkJmD4PvPMWjepqxGNMZe7KbPKbsdoovzCBHW8UTbMq8ASLG4H2s40kXjRGF23N_JOMy5k-ymOZ2kI3Kft4kShRu3HK0nr2u-3BY8T6EksgG-mQQ-6ufndI7F4AtjiSrcuifKEDvTHrTRs5vclzeZ8zVTH-tKQtgrXOTsaWxEGN3bSNUkg7aiFq8unH4Y_mQFJVehGvwt7buC6KNbGjXPf7RDkptFVQcn03Q1bpZ3RKMDqEZVhvr2uZHAelxuiWEtmWHPAQUvEDxPnbWMGql_jyTfjsfWY2kUsqQeLlEkG-S7obUO8OEe2a8AQIvw-Aer7OLx4EhCZxAfuKJe047uqIlwyMcXDVX3QpzzDkhmzDDMVwPw4k6iuLPTF01zm3fSGKurbzVO74_ij42UrF-rurMZ6iVYaHYfMtMbQn1iE0pPUjqrky7KPuzXJKDhp46PGRDIpZ_b7tI-6Fd9pwcyoNoMjyGmV10puvj1X0jAo36JIIHNONGW_7eeVUIXuY3Vec2PzA,,Já está nas redes
Modelo Assessoria Contábil,http://www.modelocontabilspa.com.br/,Site próprio,,,Já está nas redes
Aliança Contabil,https://aliancaassessoriacontabil.com/,Site próprio,,,Já está nas redes
Solidez Contabilidade,,,,,Não está nas redes
EDS Consultoria Empresarial,https://www.edsempresarial.com.br/,Site próprio,,,Já está nas redes
Cordeiro Pereira e Consultoria Contabil Empresarial,https://cordeiropereira.com/,Site próprio,,,Já está nas redes
Prisma Contabilidade,http://www.prismaconta.com.br/,Site próprio,,,Já está nas redes
iFisco Contabilidade Online,https://ifisco.com/,Site próprio,,,Já está nas redes
Evolutie Inteligência Contábil,https://evolutiecontabilidade.com/,Site próprio,,,Já está nas redes
Andressa Alves Contabilidade,https://andressa-alves-contabilidade.localo.site/?utm_source=google_profile&utm_campaign=localo&utm_medium=mainlink,Site próprio,,,Já está nas redes
Contabiliza Assessoria Contábil,,,,,Não está nas redes
Lagomaq Locacoes de Maquinas Ltda,https://www.lagomaq.com/,Site próprio,,,Já está nas redes
Gigliotti Assessoria,,,,,Não está nas redes
Francisco Fernando Ribeiro Vieira,,,,,Não está nas redes
Materiais de Construção Dois Primos,,,,,Não está nas redes
Casa do Pedreiro,,,https://www.instagram.com/casadopedreirorj/,Não,Já está nas redes
Bazar e Material de Construção Bela da Aldeia,,,,,Não está nas redes
NMR 107 Building Supply,https://atom.bio/nmr107,Site próprio,,,Já está nas redes
Bazar e Material de construção Nova São Pedro,https://instagram.com/bazar_novasaopedro?igshid=NGVhN2U2NjQ0Yg==,Instagram,https://instagram.com/bazar_novasaopedro?igshid=NGVhN2U2NjQ0Yg==,,Já está nas redes
Da Casa Tem Tudo,,,,Instagram não detectado,Não está nas redes
Kakau Material de Construção,,,,Instagram não detectado,Não está nas redes
Dudu Bazar - Material de Construção,,,,,Não está nas redes
Bazar Campo Redondo,,,,,Não está nas redes
Irmãos Andrade Materiais de Construção,,,,,Não está nas redes
SG Gonçalves Materiais de Construção,http://www.sggoncalves.com.br/,Site próprio,,,Já está nas redes
Materiais de Construção Santos,,,,Sim,Não está nas redes
Armazém dos Fios São Pedro da Aldeia,,,https://www.instagram.com/armazemdosfiosoficial/,Não,Já está nas redes
Material de Construção Panorama D'Aldeia,,,,Instagram não detectado,Não está nas redes
Bazar 2 Irmãos,https://www.facebook.com/bazar2irmaosspa/,Facebook,,,Já está nas redes
Bazar e material de construcao Ebenézer,,,,Instagram não detectado,Não está nas redes
Aldy Ferramentas,http://www.aldy.com.br,Site próprio,,,Já está nas redes
Trevo da Aldeia Material de Construção,https://www.facebook.com/trevodaaldeia/,Facebook,,,Já está nas redes
Ibelmac,,,,,Não está nas redes
JP Rei dos Tijolos,,,https://www.instagram.com/jpreidostijolos/,Não,Já está nas redes
Dafé Materiais de Construção,,,,,Não está nas redes
Casa Americana - Steel Frame - Drywall - Forros,https://www.casaamericana.eco.br/,Site próprio,,,Já está nas redes
Madeira & Cia,https://wa.me/5522999424003.,Site próprio,,,Já está nas redes
Lagotintas,https://lagotintas.com.br/,Site próprio,,,Já está nas redes
Casa Das Tintas São Pedro da Aldeia Estação,http://casadastintas.net.br/,Site próprio,,,Já está nas redes
Construmais e cia,,,,,Não está nas redes
Gustavão Materiais de Construção,https://bio.site/gustavomateriais,Site próprio,,,Já está nas redes
Ita Casa Nova - São Pedro da Aldeia,,,,,Não está nas redes
Hidroluz São Pedro,https://www.instagram.com/saopedro.hidroluz?utm_source=ig_web_button_share_sheet&igsh=ZDNlZDc0MzIxNw==,Instagram,https://www.instagram.com/saopedro.hidroluz?utm_source=ig_web_button_share_sheet&igsh=ZDNlZDc0MzIxNw==,,Já está nas redes
Vibrart artefatos de cimento,,,,,Não está nas redes
Só -Tintas,,,,Sim,Não está nas redes
Tintas 1000 São Pedro da Aldeia,,,,,Não está nas redes
Tecnolar Com. e Serviços,,,,,Não está nas redes
Wolney Lessa,,,,Instagram não detectado,Não está nas redes
Bazar & Material de Construção,,,,Instagram não detectado,Não está nas redes
GB Materiais de Construçao,,,,,Não está nas redes
Casa Mais Tintas,https://casamaistintas.com/,Site próprio,,,Já está nas redes
GEIR LAGOS _TEIXEIRAO MAT. DE CONSTR.,,,,,Não está nas redes
Exemplomix representacoes e servicos ltda,,,,,Não está nas redes
Coimbra - Região dos lagos,,,,,Não está nas redes
Bazar Souza,,,,,Não está nas redes
Bazar Do Ceara,,,,,Não está nas redes
Mellos do Trevo Materiais de Construção,,,,,Não está nas redes
Fort Lar Atacado e Varejo para o Lar,https://fortlar.com/,Site próprio,,,Já está nas redes
Grupo Armol Distribuidora,https://grupoarmoldistribuidora.com.br/,Site próprio,,,Já está nas redes
Casa do Construtor São Pedro da Aldeia - Aluguel de Equipamentos,https://casadoconstrutorspaldeia.com.br/,Site próprio,,,Já está nas redes
Bazar da Maria Materiais De Construção,,,,,Não está nas redes
BAZAR E MATERIAL DE CONSTRUCAO TAVARES,,,,Instagram não detectado,Não está nas redes
Mamute Caçambas,https://www.facebook.com/mamutecacambas/,Facebook,,,Já está nas redes
Madeireira D'Aldeia - São Pedro da Aldeia,,,,,Não está nas redes
TEIXEIRÃO,,,,,Não está nas redes
Casa Rario,,,,Instagram não detectado,Não está nas redes
Piso Mania,,,,,Não está nas redes
Notle - Locadora de Equipamentos para Construção.,,,,,Não está nas redes
Material De Construção Novo Horizonte,,,,,Não está nas redes
São Pedro da aldeia,,,,,Não está nas redes
KIFÉ,,,,,Não está nas redes
Madeireira Capixaba,,,,,Não está nas redes
Aqui é Show Bazar material de construção,,,,Instagram não detectado,Não está nas redes
Silmar Padaria,http://www.bio.site/silmarpadaria,Site próprio,,,Já está nas redes
Padaria Alvorada,,,,Instagram não detectado,Não está nas redes
Confeitaria Sabor da Vovó,,,,Instagram não detectado,Não está nas redes
Padaria e cafeteria Brizio,,,,,Não está nas redes
Padaria Recanto do Sol,,,,Instagram não detectado,Não está nas redes
Padaria Vitória,https://atom.bio/padariavitoriaspa,Site próprio,,,Já está nas redes
Padaria Ramos de Oliveira,,,,,Não está nas redes
Padaria Amilton e Jô Sabores,https://www.instagram.com/amiltonejosabores?utm_source=ig_web_button_share_sheet&igsh=ZDNlZDc0MzIxNw==,Instagram,https://www.instagram.com/amiltonejosabores?utm_source=ig_web_button_share_sheet&igsh=ZDNlZDc0MzIxNw==,,Já está nas redes
Pão du bê,https://paodube.negocio.site/,Site próprio,,,Já está nas redes
Laguna Gourmet Spa,,,,,Não está nas redes
CASA DE BOLOS SÃO PEDRO DA ALDEIA,https://www.casadebolos.com.br/onde-encontrar/,Site próprio,,,Já está nas redes
Padaria Pão e Pães,,,,Instagram não detectado,Não está nas redes
Delícias da Deia,,,,Sim,Não está nas redes
PADARIA BELA MASSA,https://www.instagram.com/belamassapadaria.spa?igsh=MWFuZXIyanF0MDN2Yw%3D%3D&utm_source=qr,Instagram,https://www.instagram.com/belamassapadaria.spa?igsh=MWFuZXIyanF0MDN2Yw%3D%3D&utm_source=qr,,Já está nas redes
Padaria do Merciano,,,,Instagram não detectado,Não está nas redes
Padaria do Thiago,,,,Sim,Não está nas redes
Cookie-se,https://www.instagram.com/cookiese.oficial?igsh=YmRpMjRvY2J6eHox,Instagram,https://www.instagram.com/cookiese.oficial?igsh=YmRpMjRvY2J6eHox,,Já está nas redes
DoceKá Confeitaria Artesanal,https://www.instagram.com/dooce.ka/,Instagram,https://www.instagram.com/dooce.ka/,,Já está nas redes
Confeitaria Doces Sonhos,https://anesantanna.com/,Site próprio,,,Já está nas redes
Boutike do pao e conveniências 24 horas,,,,Instagram não detectado,Não está nas redes
Fada das Delícias,,,,,Não está nas redes
La Doceria,,,,,Não está nas redes
Padaria Maranata,,,,Sim,Não está nas redes
Padaria IMPERIO DO BAIRRO,,,,,Não está nas redes
PADARIA DO BALNEARIO,,,,Sim,Não está nas redes
Padaria e Mercearia Vitória,,,,,Não está nas redes
Padaria E Confeitaria Oliveira,,,,,Não está nas redes
L T de Jesus Padaria e Mercearia,,,,,Não está nas redes
Padaria Fina Massa,,,,,Não está nas redes
Docemonte,,,,Instagram não detectado,Não está nas redes
FORNERIA ORIGINAL São Pedro da Aldeia,http://forneriaoriginal.com/,Site próprio,,,Já está nas redes
Esquina do pão,,,,,Não está nas redes
Kekkelalves,https://instagram.com/kekkelalves?igshid=NzZlODBkYWE4Ng==,Instagram,https://instagram.com/kekkelalves?igshid=NzZlODBkYWE4Ng==,,Já está nas redes
Nanda schaider confeitaria,,,,Instagram não detectado,Não está nas redes
Padaria do Thiago,,,,Sim,Não está nas redes
Descartável & Cia,https://bit.ly/descecia,Site próprio,,,Já está nas redes
Padaria Renascer,,,,,Não está nas redes
Padaria do Merciano,,,,,Não está nas redes
Padaria,,,,Sim,Não está nas redes
Parada 106,,,,Instagram não detectado,Não está nas redes
Padaria E Confeitaria Soberana,,,,,Não está nas redes
"PADARIA PASSARELA DO PÃO, PADARIA E LANCHONETE",,,,Sim,Não está nas redes
Pizzaria - Otto Pizzas em São Pedro da Aldeira,https://pedidoottopizzaria.ccmpedidoonline.com.br/,Site próprio,,,Já está nas redes
Pizza e etc,,,,,Não está nas redes
Pizzaria e Esfiharia Fome Zero,https://www.fomezeropizzaria.com.br/cardapio/,Site próprio,,,Já está nas redes
Familia Guia Pizzaria,,,https://www.instagram.com/familiaguiapizzaria/,Não,Já está nas redes
Hummm! Pizzas - São Pedro da Aldeia,,,https://www.instagram.com/hummmpizzas.saopedrodaaldeia/,Não,Já está nas redes
Don Leal Delivery,http://www.donlealdelivery.com.br/,Site próprio,,,Já está nas redes
Pizzaria Bairro São João,,,https://www.instagram.com/pizzariabsj/,Não,Já está nas redes
Pizzaria Santa Tartaruga,https://app.anota.ai/santa-tartaruga-pizzaria-4?utm_source=portal-share-btn&from=msa,Site próprio,,,Já está nas redes
Pizzaria Apreciatta,,,,,Não está nas redes
Tradição Pizzaria SPA,https://pedir.delivery/pizzariatradicaospa?src=wabot&u=603e97532f&fbclid=PAZXh0bgNhZW0CMTEAAaYkDo_KnPi5kJL-gc3g7U0v4js81yu4zd9oRlmA1V_juKfo7_EMXqRouF4_aem_7T2zvEQThIeJJY4Nh_gjWA,Site próprio,,,Já está nas redes
Tarantella Pizzaria,,,,,Não está nas redes
Pede Pizza | São Pedro 1,,,,Instagram não detectado,Não está nas redes
pizza e ete,,,,,Não está nas redes
Promoção De Pizza,,,,,Não está nas redes
RJ Pizza&Lanche,https://wa.me/message/LDGJ4UJWW2RNG1,Site próprio,,,Já está nas redes
Pizzaria Plano B,,,https://www.instagram.com/pizzariaplanobrj/,Não,Já está nas redes
Pizzaria Bella Napoli,,,,Sim,Não está nas redes
Quintal da vovó Kátia,,,,,Não está nas redes
Ateliê do Sabor Doceria e Café,https://instagram.com/ateliedosabordoces?igshid=YmMyMTA2M2Y=,Instagram,https://instagram.com/ateliedosabordoces?igshid=YmMyMTA2M2Y=,,Já está nas redes
Família Farinha Restaurante e Pizzaria,https://pedido.anota.ai/loja/famlia-farinha-pizzaria-esfiharia?f=msa,Site próprio,,,Já está nas redes
Pizzaria Do Ediel,,,,,Não está nas redes
BADGER,,,,,Não está nas redes
Bar e Restaurante do Mica,,,,,Não está nas redes
Victor Pizza pré-assada,,,,Instagram não detectado,Não está nas redes
Cafeteria e Pizzaria Mio Fratello,,,,,Não está nas redes
Pizzas em Família,,,,Instagram não detectado,Não está nas redes
Point do Açaí - Base ( R. Comandante Ituriel n° 400 ),https://instabio.cc/20724ltNuag,Site próprio,,,Já está nas redes
Val Moreno Fit Gourmet,,,https://www.instagram.com/valmorenofitgourmet/,Não,Já está nas redes
Toop Pizzaria.,,,,Instagram não detectado,Não está nas redes
SALGADOS.COM OFICIAL são pedro da aldeia,http://salgados.com.jotaja.com.br/,Site próprio,,,Já está nas redes
Big bar,,,,,Não está nas redes
Lessa’s Pizzaria e Lanchonete,https://www.instagram.com/lessaspizza?igsh=ZW9oeDV2cHA0NHF4,Instagram,https://www.instagram.com/lessaspizza?igsh=ZW9oeDV2cHA0NHF4,,Já está nas redes
Ju.fit SPA Lanches_Saudáveis,https://instadelivery.com.br/jufit,Site próprio,,,Já está nas redes
Uerito's Pizzas - Pizza para assar em casa,,,,,Não está nas redes
3D MIX ALIMENTOS E BEBIDAS,https://www.instagram.com/3dmixx?igsh=MTAxc2ZqeWprdDVsaw==,Instagram,https://www.instagram.com/3dmixx?igsh=MTAxc2ZqeWprdDVsaw==,,Já está nas redes
Roma Style Pizzaria,https://linktr.ee/romastylepizzaria,Site próprio,,,Já está nas redes
Belisquê Restaurante e Choperia,https://www.belisque.com.br/,Site próprio,,,Já está nas redes
Flor da Lagoa Gastronomia,,,,,Não está nas redes
Toca Do Mineiro,,,,,Não está nas redes
Restaurante Wellington,,,,,Não está nas redes
Restaurante trem bão Araruama,https://www.instagram.com/invites/contact/?i=olmew77vnimr&utm_content=ram07s3,Instagram,https://www.instagram.com/invites/contact/?i=olmew77vnimr&utm_content=ram07s3,,Já está nas redes
Restaurante Picanha Do Gugu,,,,,Não está nas redes
Restaurante Mineirama,,,,,Não está nas redes
Godinho Restaurante,,,,,Não está nas redes
Casa Castanho,,,,,Não está nas redes
Alexandra Restaurante,,,,,Não está nas redes
Zanatta Bistrô,https://www.instagram.com/zanattabistro/,Instagram,https://www.instagram.com/zanattabistro/,,Já está nas redes
Outros500 Bar & Restaurante - (Araruama),https://outros500loungebar.com.br/,Site próprio,,,Já está nas redes
Kilomania,http://kilomania.com.br/,Site próprio,,,Já está nas redes
Restaurante Tá na mesa,,,,,Não está nas redes
Lá em Léo gastrobar,https://www.laemleogastrobar.com/,Site próprio,,,Já está nas redes
Leve Saladeria,https://www.ifood.com.br/delivery/araruama-rj/leve-saladeria-centro/88061d5a-4b3c-446e-8e1e-8c70b7faa9ba?utm_medium=share,Site próprio,,,Já está nas redes
Restaurante Livthi Pokeria,https://instagram.com/livthipokeria?igshid=NzZlODBkYWE4Ng==,Instagram,https://instagram.com/livthipokeria?igshid=NzZlODBkYWE4Ng==,,Já está nas redes
Quintal da BN,https://www.instagram.com/quintaldabn,Instagram,https://www.instagram.com/quintaldabn,,Já está nas redes
Restaurante Água na boca - Araruama,,,,,Não está nas redes
Bom Sabor,https://restaurantebomsaborsushi.com.br/,Site próprio,,,Já está nas redes
Taberna Do Bachalhau,,,,,Não está nas redes
O Rei da Carne de Sol Araruama,https://instagram.com/restaurante_oreidacarnedesol,Instagram,https://instagram.com/restaurante_oreidacarnedesol,,Já está nas redes
Gentileza Carioca Restaurante - Araruama,https://delivery.gobox.app.br/gentilezacariocaararuama,Site próprio,,,Já está nas redes
Sushi point Araruama,,,,,Não está nas redes
Mana Grill Restaurante,https://www.instagram.com/managrill022,Instagram,https://www.instagram.com/managrill022,,Já está nas redes
Rocas Sea Food,,,,,Não está nas redes
Seu Joca,,,,,Não está nas redes
BN Carnes,http://www.bncarnes.com.br/,Site próprio,,,Já está nas redes
Hani Araruama,https://haniararuama.menudino.com/?localmode=on,Site próprio,,,Já está nas redes
Snack Point Bistrô,http://www.instagram.com/snackpoint_araruama,Instagram,http://www.instagram.com/snackpoint_araruama,,Já está nas redes
Restaurante Mediterrâneo,,,,,Não está nas redes
Outbêco - Araruama,,,,,Não está nas redes
Show dos Petiscos,https://www.instagram.com/showdospetiscosoficial?igsh=amVkanA2cGNveTF3&utm_source=qr,Instagram,https://www.instagram.com/showdospetiscosoficial?igsh=amVkanA2cGNveTF3&utm_source=qr,,Já está nas redes
Giraffas Araruama,https://www.giraffas.com.br/,Site próprio,,,Já está nas redes
Orla Restaurante,,,,,Não está nas redes
Restaurante Dona Rê,https://instagram.com/donaremg?igshid=NTc4MTIwNjQ2YQ==,Instagram,https://instagram.com/donaremg?igshid=NTc4MTIwNjQ2YQ==,,Já está nas redes
Social Deck Esfiharia,https://socialdeck.menudino.com/,Site próprio,,,Já está nas redes
Nammos Café e Restaurante,,,,,Não está nas redes
Bom Apetite Rest Comidas do Norte,,,,,Não está nas redes
Da Fiori Cantina Italiana,,,,,Não está nas redes
Uaiçai Araruama,,,,,Não está nas redes
Pirata Restaurante e Choperia,,,,,Não está nas redes
Restaurante Sai de Baixo,,,,,Não está nas redes
Restaurante Cantinho Do Tempero,,,,,Não está nas redes
MARROCUN ALIMENTOS,,,,,Não está nas redes
Italiano Massas Artesanais,https://italianomassas.com.br/,Site próprio,,,Já está nas redes
Chefão Restaurante e Chopperia,https://lkt.name/BardoChefaoChoperia,Site próprio,,,Já está nas redes
Esquina Carioca,https://www.instagram.com/esquinacarioca022/?utm_medium=copy_link,Instagram,https://www.instagram.com/esquinacarioca022/?utm_medium=copy_link,,Já está nas redes
Bendita Pizza Araruama,,,,,Não está nas redes
Fofão Restaurante e Lanchonete (Centro),,,,,Não está nas redes
Cantinho das Delícias Restaurante e Bar,,,,,Não está nas redes
D'Joca Burger,http://djocaburger.menudino.com/,Site próprio,,,Já está nas redes
NossoQuintalPS,,,,,Não está nas redes
Restaurante LuizXV,https://www.instagram.com/luizxv_food/,Instagram,https://www.instagram.com/luizxv_food/,,Já está nas redes
Restaurante Diminas,https://www.instagram.com/restaurante.diminas/,Instagram,https://www.instagram.com/restaurante.diminas/,,Já está nas redes
Forneria Gourmet,https://www.instagram.com/forneria.gourmet/,Instagram,https://www.instagram.com/forneria.gourmet/,,Já está nas redes
Ted Bar e Restaurante,,,,,Não está nas redes
Boali Araruama,http://boali.com.br/boaliararuama,Site próprio,,,Já está nas redes
Burguês (Gastronomia),http://burguesgastronomia.kyte.site/,Site próprio,,,Já está nas redes
Restaurante Fazendinha,,,,,Não está nas redes
Princesinha Lanches,https://princesinhalanches.com.br/,Site próprio,,,Já está nas redes
SABOR DA SERRA LANCHONETE ARARUAMA,https://www.guialagos.tur.br/item/sabordaserra/,Site próprio,,,Já está nas redes
Lanchonete Chuá,,,,,Não está nas redes
Point Varandão do Carlinhos,,,,,Não está nas redes
X Tudão Araruama,https://www.facebook.com/xtudao.araruama.oficial/,Facebook,,,Já está nas redes
O zap lanches (novo),,,,,Não está nas redes
Zap Lanches,https://www.instagram.com/zaplancheararuama?igsh=bHFuZjdlZjl5ODY3,Instagram,https://www.instagram.com/zaplancheararuama?igsh=bHFuZjdlZjl5ODY3,,Já está nas redes
Nograu Burguer - Araruama,,,,,Não está nas redes
Esquina Lanches,,,,,Não está nas redes
Quiosque Do Gilson,,,,,Não está nas redes
Bob's Burger - Araruama Centro,https://bobs.com.br/,Site próprio,,,Já está nas redes
Oggi Sorvetes Araruama,https://linktr.ee/oggisorvetesararuama,Site próprio,,,Já está nas redes
Mr. Mix Milk Shake - Araruama,https://www.mrmixbrasil.com.br/,Site próprio,,,Já está nas redes
Bacalhau Dos Alpes,,,,,Não está nas redes
Cafeteria e bistrô - Dona Bita,https://www.instagram.com/cafeteriadonabita,Instagram,https://www.instagram.com/cafeteriadonabita,,Já está nas redes
Iphome Coxinhas,,,,,Não está nas redes
Bob's Shakes - Open Mall Araruama,https://bobs.com.br/,Site próprio,,,Já está nas redes
Mega Açai,https://omegaacai.com.br/,Site próprio,,,Já está nas redes
Cosechas Araruama Open Mall,,,,,Não está nas redes
Megamatte Araruama,http://megamatte.com.br/,Site próprio,,,Já está nas redes
Ric Burguer,,,,,Não está nas redes
No Frango,,,,,Não está nas redes
Charm's Bakery,https://www.instagram.com/charmsbakery/,Instagram,https://www.instagram.com/charmsbakery/,,Já está nas redes
Maria Açaí Araruama,http://www.mariaacai.com.br/,Site próprio,,,Já está nas redes
Rei Lanche,,,,,Não está nas redes
Casarão do Açaí - Mataruna / Araruama - Oficial,https://casaraodoacai.com.br/,Site próprio,,,Já está nas redes
Sol & Neve Araruama Sorveteria e Açaiteria,http://linktr.ee/Soleneveararuama,Site próprio,,,Já está nas redes
Eskimó Araruama - Centro,,,,,Não está nas redes
Rei dos Salgados,,,,,Não está nas redes
Green Fruit,http://greenfruitbrasil.com/,Site próprio,,,Já está nas redes
Brasileirinho lanches delivery,,,,,Não está nas redes
Açaí do forte,,,,,Não está nas redes
Casafruti - Araruama,,,,,Não está nas redes
Luigi Sorveteria e Açaiteria Araruama,,,,,Não está nas redes
Casarão do Açaí - XV de Novembro / Araruama - Oficial,https://casaraodoacai.com.br/,Site próprio,,,Já está nas redes
Livthi Staation,http://www.livthi.com.br/,Site próprio,,,Já está nas redes
Supermercado Esperança,http://mercadoesperanca.com.br/index.php,Site próprio,,,Já está nas redes
Open Mall Araruama,,,,,Não está nas redes
Sacolé Cremojú Gourmet - Open mall,https://cremoju.menudino.com/,Site próprio,,,Já está nas redes
O Poderoso Lanches,,,,,Não está nas redes
Subway,https://www.subway.com.br/,Site próprio,,,Já está nas redes
Hot Dog da Lucy,,,,,Não está nas redes
Ben's,,,,,Não está nas redes
Beliskão,,,,,Não está nas redes
Salão de Beleza Perfil Coiffeur,https://www.instagram.com/invites/contact/?i=bzqgl8gbb8h4&utm_content=d854ah,Instagram,https://www.instagram.com/invites/contact/?i=bzqgl8gbb8h4&utm_content=d854ah,,Já está nas redes
Studio Bella's | Araruama,https://studiobellasararuama.com.br/,Site próprio,,,Já está nas redes
Pub da Beleza,,,,,Não está nas redes
Salão de Beleza - Simone Borges,https://www.instagram.com/simoneborgescabeleireira/,Instagram,https://www.instagram.com/simoneborgescabeleireira/,,Já está nas redes
Perfil Belle,https://www.instagram.com/salaoperfilbelle?igsh=MXN3YTVvNzBncGR0dQ==,Instagram,https://www.instagram.com/salaoperfilbelle?igsh=MXN3YTVvNzBncGR0dQ==,,Já está nas redes
Salão de beleza Elaine Passos Hair Concept,https://instagram.com/elainepassoshairconcept?igshid=YTM0ZjI4ZDI=,Instagram,https://instagram.com/elainepassoshairconcept?igshid=YTM0ZjI4ZDI=,,Já está nas redes
Beleza Araruama,https://blog.belezanatural.com.br/,Site próprio,,,Já está nas redes
Madalena Coiffeur,,,,,Não está nas redes
Espaço de Beleza Plicilia Muniz,,,,,Não está nas redes
Salão Thiago Diass,,,,,Não está nas redes
Flávia Alves Studio Hair / Araruama RJ,http://wa.me/5522992381648,Site próprio,,,Já está nas redes
Soraia Alves Beauty (Sol) | Sobrancelhas e Cílios em Araruama,https://instagram.com/solalvesbeauty?igshid=YmMyMTA2M2Y=,Instagram,https://instagram.com/solalvesbeauty?igshid=YmMyMTA2M2Y=,,Já está nas redes
RL - ESPAÇO DE BELEZA,,,,,Não está nas redes
Salão Mônica Reis,,,,,Não está nas redes
Paulo Cabeleireiro,https://www.facebook.com/DPaulocabelos/,Facebook,,,Já está nas redes
BELLA ESMALTERIA,https://www.instagram.com/esmalteriia_bella/,Instagram,https://www.instagram.com/esmalteriia_bella/,,Já está nas redes
Juliana Almeida Studio Beauty,https://www.instagram.com/julianaalmeidastudiobeauty?igsh=cng5b20wYmZnbjdk&utm_source=qr,Instagram,https://www.instagram.com/julianaalmeidastudiobeauty?igsh=cng5b20wYmZnbjdk&utm_source=qr,,Já está nas redes
Araruama Beauty,,,,,Não está nas redes
Studio Larissa Brunna 💖,,,,,Não está nas redes
Thiago Costa Embelezamento do Olhar,https://www.instagram.com/thicostasobrancelhas?igsh=NTNma29vdjd3N3U3&utm_source=qr,Instagram,https://www.instagram.com/thicostasobrancelhas?igsh=NTNma29vdjd3N3U3&utm_source=qr,,Já está nas redes
Cristine Beauty Company,https://instabio.cc/Cristinebeautycompany,Site próprio,,,Já está nas redes
Cor & Unha Araruama,https://www.instagram.com/coreunhaararuama/,Instagram,https://www.instagram.com/coreunhaararuama/,,Já está nas redes
Studio Vania Silva,,,,,Não está nas redes
Maria fashion hair 💇‍♀️✂️,,,,,Não está nas redes
"Stúdio Etiane Schulz Salão de Beleza, saúde e bem estar",,,,,Não está nas redes
Julia Beauty Cílios em Ararruama,https://linktr.ee/juliaamorimbeauty?utm_source=linktree_profile_share&ltsid=1cf87f89-07a4-4e45-a52f-66e0b6624a48,Site próprio,,,Já está nas redes
Studio dondoquinha fashionhair,,,,,Não está nas redes
BARBEARIA ZERO BAIXA - ARARUAMA,https://www.facebook.com/Zerobaixa/,Facebook,,,Já está nas redes
Salão Espaço Gêmeas,https://www.espacogemeasararuama.com.br/,Site próprio,,,Já está nas redes
"Vany Barcelos sobrancelhas, micropigmentação e cursos araruama",https://instagram.com/vanybarcelosdesigner?igshid=YmMyMTA2M2Y=,Instagram,https://instagram.com/vanybarcelosdesigner?igshid=YmMyMTA2M2Y=,,Já está nas redes
Studio Oliveira,,,,,Não está nas redes
Studio e centro técnico Taísa Oliveira,,,,,Não está nas redes
Paula Honorato Concept,,,,,Não está nas redes
Elesandra Couto Cachos Naturais,,,,,Não está nas redes
Beleza e Cia,https://www.instagram.com/cariinedesiigner/profilecard/?igsh=MTcxbWliODR4NzNr,Instagram,https://www.instagram.com/cariinedesiigner/profilecard/?igsh=MTcxbWliODR4NzNr,,Já está nas redes
Studio Beth's Designers,,,,,Não está nas redes
WR HAIR STUDIO,,,,,Não está nas redes
Kelly Alves Nail Designer,https://www.instagram.com/alvesdesigner19/,Instagram,https://www.instagram.com/alvesdesigner19/,,Já está nas redes
Elaine Valério Stúdio de Beleza,https://instagram.com/valerioelaine,Instagram,https://instagram.com/valerioelaine,,Já está nas redes
Studio Reallize,,,,,Não está nas redes
"Salão Claudio Salvador, Araruama",,,,,Não está nas redes
Academia dos Fios,https://api.whatsapp.com/send/?phone=5522997688006&text&type=phone_number&app_absent=0,Site próprio,,,Já está nas redes
BELEZA CHIC ARARUAMA,,,,,Não está nas redes
S&T sua beleza começa aqui,https://www.instagram.com/studios_t276?igsh=enBudTE3ajljeGg0,Instagram,https://www.instagram.com/studios_t276?igsh=enBudTE3ajljeGg0,,Já está nas redes
Studio Juliana Felippo,https://www.instagram.com/julianafelippooficial?igsh=cHdnMjhpNXg4dGxp,Instagram,https://www.instagram.com/julianafelippooficial?igsh=cHdnMjhpNXg4dGxp,,Já está nas redes
Salão de Beleza Carla Alves Cabeleireira,,,,,Não está nas redes
Salão de Beleza Stylo Fashion,,,,,Não está nas redes
STUDIO DE BELEZA GRAZY VENIALI,,,,,Não está nas redes
Donna Chic Esmalteria e Cia,https://instagram.com/donna_chic_esmalteria?igshid=OGQ5ZDc2ODk2ZA==,Instagram,https://instagram.com/donna_chic_esmalteria?igshid=OGQ5ZDc2ODk2ZA==,,Já está nas redes
Recanto da Beleza,,,,,Não está nas redes
Centro de Estética Depillagos,http://www.depillagos.com.br/,Site próprio,,,Já está nas redes
Studio Trancazz,https://instagram.com/studio_sofyacardoso?igshid=YmMyMTA2M2Y=,Instagram,https://instagram.com/studio_sofyacardoso?igshid=YmMyMTA2M2Y=,,Já está nas redes
Espaço Vip1,,,,,Não está nas redes
"Raphaela sampaio - Cílios, Cursos e sobrancelhas",https://instagram.com/raphaelacilios?igshid=MzRlODBiNWFlZA==,Instagram,https://instagram.com/raphaelacilios?igshid=MzRlODBiNWFlZA==,,Já está nas redes
Majú Esmalteria,https://www.instagram.com/majuesmaltaria/,Instagram,https://www.instagram.com/majuesmaltaria/,,Já está nas redes
Espaço Góes,https://instagram.com/espacogoess?utm_source=ig_profile_share&igshid=cuaa4k3cvjkh,Instagram,https://instagram.com/espacogoess?utm_source=ig_profile_share&igshid=cuaa4k3cvjkh,,Já está nas redes
IMPÉRIO ELAS | Centro de Araruama,,,,,Não está nas redes
STUDIO BEAUTY BY EDUARDA CALDEIRA,https://instabio.cc/3051619rC7g7n,Site próprio,,,Já está nas redes
Andressa Souza designer de Sobrancelhas,"https://api.whatsapp.com/send?phone=5522981620595&text=Ol%C3%A1,%20gostaria%20de%20marcar%20um%20hor%C3%A1rio.",Site próprio,,,Já está nas redes
Geice Vilela Unhas,https://instagram.com/studionailconcept?igshid=OGQ5ZDc2ODk2ZA==,Instagram,https://instagram.com/studionailconcept?igshid=OGQ5ZDc2ODk2ZA==,,Já está nas redes
Império VIP - Barbearia,https://linktr.ee/barbearia.imperiovip,Site próprio,,,Já está nas redes
BarbuJohn Barbearia,https://barbujohnbarbearia.com.br/,Site próprio,,,Já está nas redes
Leon's Barbearia,http://appbarber.com.br/download,Site próprio,,,Já está nas redes
Barbearia Dom Garnier,,,,,Não está nas redes
Barbearia Imperius,http://www.instagram.com/barbearia.imperius,Instagram,http://www.instagram.com/barbearia.imperius,,Já está nas redes
ALPHA BARBER CLUB,https://m.facebook.com/profile.php?id=2828278290731187&ref=content_filter,Facebook,,,Já está nas redes
Barbearia Jhonatan Correa,https://www.instagram.com/barbershop.correa/,Instagram,https://www.instagram.com/barbershop.correa/,,Já está nas redes
João Barber,https://www.instagram.com/_barber_joao_,Instagram,https://www.instagram.com/_barber_joao_,,Já está nas redes
Barbearia Whiskritorio,https://www.facebook.com/Barbearia-Whiskritorio-266331033861727/,Facebook,,,Já está nas redes
Barbearia Amigos (OPEN MALL - ARARUAMA),,,,,Não está nas redes
Souza’s Barbershop,https://sites.appbarber.com.br/agendamento/souzabarbearia,Site próprio,,,Já está nas redes
JOTAS BARBEARIA,https://www.instagram.com/jotas_barbearia_?igsh=MW11azMzd2tjN2wyaQ%3D%3D&utm_source=qr,Instagram,https://www.instagram.com/jotas_barbearia_?igsh=MW11azMzd2tjN2wyaQ%3D%3D&utm_source=qr,,Já está nas redes
Barbearia Seu Luiz,https://www.instagram.com/barbeariaseuluizdesde2015?igsh=a3YxeWFyeHlrd3F5,Instagram,https://www.instagram.com/barbeariaseuluizdesde2015?igsh=a3YxeWFyeHlrd3F5,,Já está nas redes
Barbearia Select - Araruama,,,,,Não está nas redes
Salão Rei - Barbearia,,,,,Não está nas redes
Falcon's Barbearia,https://www.instagram.com/falconsbarbearia022/,Instagram,https://www.instagram.com/falconsbarbearia022/,,Já está nas redes
Barbearia Do Renan,https://wa.me/5522998547624?text=Ol%C3%A1%2C%20te%20achei%20no%20mapa%20e%20gostaria%20de%20um%20or%C3%A7amento%20,Site próprio,,,Já está nas redes
VM BARBEARIA PRIME,https://barbearia.cc/barbearia-vm-prime/,Site próprio,,,Já está nas redes
Athletic Barbearia,,,,,Não está nas redes
Barbearia Domingues,https://instagram.com/barbeariadomingues2021?igshid=MzNINGNkZWQ4Mg==,Instagram,https://instagram.com/barbeariadomingues2021?igshid=MzNINGNkZWQ4Mg==,,Já está nas redes
Barbearia WL,,,,,Não está nas redes
Barbershop dos Primos,,,,,Não está nas redes
Erivelton Barbearia,,,,,Não está nas redes
Espaço Bola Barbearia,,,,,Não está nas redes
Barbearia do Tadeu,,,,,Não está nas redes
Barbearia do Vilson Silva,https://instagram.com/vilson.noturno.barber22?igshid=1p4tcve9t33s8,Instagram,https://instagram.com/vilson.noturno.barber22?igshid=1p4tcve9t33s8,,Já está nas redes
Barbearia do Vinicios,https://www.instagram.com/vn_barbeiro022?igsh=Z29nejFhMmk2NGU1&utm_source=qr,Instagram,https://www.instagram.com/vn_barbeiro022?igsh=Z29nejFhMmk2NGU1&utm_source=qr,,Já está nas redes
Navalha & Resenha,https://www.instagram.com/navalhaeresenha,Instagram,https://www.instagram.com/navalhaeresenha,,Já está nas redes
Vitor Moraes Barbershop,https://instagram.com/barbeariavitormoraes?igshid=YmMyMTA2M2Y=,Instagram,https://instagram.com/barbeariavitormoraes?igshid=YmMyMTA2M2Y=,,Já está nas redes
Barbearia do cabeça,,,,,Não está nas redes
Lima House Barbearia,https://linktr.ee/limahousebarbearia,Site próprio,,,Já está nas redes
Barbearia Maykão do Corte,,,,,Não está nas redes
Marcellus barbearia,,,,,Não está nas redes
Barbearia,,,,,Não está nas redes
Barbearia Sr Menezes,https://chat.inbarberapp.com/SrmenezesAgendamento,Site próprio,,,Já está nas redes
Barbearia Sr. Vilela,,,,,Não está nas redes
Barbearia Barba 022,,,,,Não está nas redes
DO CORTE BARBERSHOP,,,,,Não está nas redes
Barbearia Chechel do Corte,,,,,Não está nas redes
Barbearia Navalha De Ouro,https://wa.me/5522988341349?text=Ola%2C%20Boa%20tarde%2C%20Gostaria%20de%20marcar%20um%20hor%C3%A1rio!,Site próprio,,,Já está nas redes
Cassio BarberShop,,,,,Não está nas redes
Salao Do Atos,,,,,Não está nas redes
Beoni Barbearia,https://instagram.com/beonibarbearia?igshid=6y0xsg435zah,Instagram,https://instagram.com/beonibarbearia?igshid=6y0xsg435zah,,Já está nas redes
Teles Barbearia,https://wa.me/message/NJHH3Z47MIYXP1,Site próprio,,,Já está nas redes
HIGHFADE BARBEARIA,,,,,Não está nas redes
Barbearia Club 12,,,,,Não está nas redes
Barber shop coqueiral,https://www.instagram.com/barbecoqueiral?igsh=aDQ1cnVwMXlnMWZv&utm_source=qr,Instagram,https://www.instagram.com/barbecoqueiral?igsh=aDQ1cnVwMXlnMWZv&utm_source=qr,,Já está nas redes
Barbearia Hora do corte,,,,,Não está nas redes
Barbearia Novo Horizonte,,,,,Não está nas redes
Barbearia Família Forte,https://linktr.ee/BarbeariaFamiliaForte,Site próprio,,,Já está nas redes
Espaço Bola Barbearia,,,,,Não está nas redes
Barbearia Vila 31,,,,,Não está nas redes
Barbearia-Araruama,,,,,Não está nas redes
Barbearia sr.hagie,,,,,Não está nas redes
Salão e barbearia Karyoca,,,,,Não está nas redes
Barbearia do Jonas,,,,,Não está nas redes
Barbearia Sr. RODRIGUES,,,,,Não está nas redes
Wellness Club - Araruama,https://www.wclub.com.br/unidades/araruama/index.html,Site próprio,,,Já está nas redes
ACADEMIA MITRA ARARUAMA,https://www.instagram.com/academiamitra?igsh=dnY0czR0MG5mNDlv,Instagram,https://www.instagram.com/academiamitra?igsh=dnY0czR0MG5mNDlv,,Já está nas redes
Academia Top Fitness,,,,,Não está nas redes
Nova forma fit Academia,https://www.instagram.com/formafitslim?igsh=cW4zdjNtODdyNmlq,Instagram,https://www.instagram.com/formafitslim?igsh=cW4zdjNtODdyNmlq,,Já está nas redes
Estação Fitness Araruama,https://instagram.com/ac.estacao_fitness?utm_medium=copy_link,Instagram,https://instagram.com/ac.estacao_fitness?utm_medium=copy_link,,Já está nas redes
Fusion Academia,https://instagram.com/fusionacademia.ar?igshid=MzRlODBiNWFlZA==,Instagram,https://instagram.com/fusionacademia.ar?igshid=MzRlODBiNWFlZA==,,Já está nas redes
Body fit studio,,,,,Não está nas redes
Academy Stetic Club,,,,,Não está nas redes
Vitalitis,https://www.instagram.com/vitalitis_xv?igsh=NTcyZWYyejEzOHNq,Instagram,https://www.instagram.com/vitalitis_xv?igsh=NTcyZWYyejEzOHNq,,Já está nas redes
Rio Fit Gym,,,,,Não está nas redes
Academia Smart Fit - Shopping Araruama,https://www.smartfit.com.br/academias/shopping-araruama?utm_source=google&utm_medium=maps&utm_campaign=fbiz-SBRRJIARA01,Site próprio,,,Já está nas redes
Academia Mitra Pontinha,https://www.instagram.com/academiamitraararuama?igsh=MWh1enI0bnM1dnhvYw==,Instagram,https://www.instagram.com/academiamitraararuama?igsh=MWh1enI0bnM1dnhvYw==,,Já está nas redes
Brabox Cross,,,,,Não está nas redes
Centro de Treinamento CT022 box,https://api.whatsapp.com/send/?phone=%2B5522999415109&text&type=phone_number&app_absent=0,Site próprio,,,Já está nas redes
Vitalitis Mataruna,https://www.instagram.com/vitalitis_mataruna?igsh=MzZzcWMzY3ExY3I1,Instagram,https://www.instagram.com/vitalitis_mataruna?igsh=MzZzcWMzY3ExY3I1,,Já está nas redes
InFit Exclusive Training,,,,,Não está nas redes
Arena Vitalitis Beach,,,,,Não está nas redes
Academia de Jiu-jitsu - Brito Team (Felipe Brito),https://www.instagram.com/britoteam_/,Instagram,https://www.instagram.com/britoteam_/,,Já está nas redes
Academia Fênix,,,,,Não está nas redes
Academia Kinesis Fit,,,,,Não está nas redes
Academia TC-FIT / Personal,,,,,Não está nas redes
Instituto Nova Geração Araruama,,,,,Não está nas redes
Goes Striking House,,,,,Não está nas redes
CT BRABOX FIGTH JIU-JITSU,,,,,Não está nas redes
Power House Brasil,https://www.instagram.com/_powerhousebr/,Instagram,https://www.instagram.com/_powerhousebr/,,Já está nas redes
Essenza Pilates,https://www.institutowagnerrosa.com.br/,Site próprio,,,Já está nas redes
Espaço corpo e mente em Equilíbrio,,,,,Não está nas redes
Academia Vitalitis Box Fit (Cross Training+ Musculação),https://www.instagram.com/vitalitis_xv?igsh=NTcyZWYyejEzOHNq,Instagram,https://www.instagram.com/vitalitis_xv?igsh=NTcyZWYyejEzOHNq,,Já está nas redes
Instituto Wagner Rosa,,,,,Não está nas redes
Fisioterapia e Pilates - Ana Carolina Nunes,https://wa.link/as5sq8,Site próprio,,,Já está nas redes
Juliana Souza - Studio Pilates,http://www.instagram.com/js.studiopilates,Instagram,http://www.instagram.com/js.studiopilates,,Já está nas redes
Centro de Treinamento Fabinho Fitness,,,,,Não está nas redes
EMTA - Equipe Muay Thai Araruama,https://www.instagram.com/equipe_muaythai_araruama?igsh=aG4xbGczdm5yZ2N3,Instagram,https://www.instagram.com/equipe_muaythai_araruama?igsh=aG4xbGczdm5yZ2N3,,Já está nas redes
BF Training,http://www.bftraining.com.br/,Site próprio,,,Já está nas redes
"GF Fitness ""Pratique Saúde todos Os Dias!""",,,,,Não está nas redes
Estúdio Vanessa Motta,https://www.instagram.com/estudiovanessamotta?igsh=MWc4MWJ4cWh0Njdvcw==,Instagram,https://www.instagram.com/estudiovanessamotta?igsh=MWc4MWJ4cWh0Njdvcw==,,Já está nas redes
Novo In Forma,https://www.instagram.com/novoinforma/,Instagram,https://www.instagram.com/novoinforma/,,Já está nas redes
Pilates In casa,,,,,Não está nas redes
RB | Fisio e Pilates,,,,,Não está nas redes
Total Fight Fit,https://www.instagram.com/impactuscenter,Instagram,https://www.instagram.com/impactuscenter,,Já está nas redes
Academia Unilgos,,,,,Não está nas redes
Pilates Araruama,,,,,Não está nas redes
JUDÔ CLUBE SHUYOKAN ARARUAMA,,,,,Não está nas redes
VidATiva,,,,,Não está nas redes
Body Concept,,,,,Não está nas redes
Center Shopping Araruama,http://www.facebook.com/centershoppingararuama,Facebook,,,Já está nas redes
Academia para Mulheres - Verônica Andrade,http://instagram.com/academiaveronicaandrade,Instagram,http://instagram.com/academiaveronicaandrade,,Já está nas redes
Calistenia Gym,,,,,Não está nas redes
Shopping Araruama,http://shoppingararuama.com.br/,Site próprio,,,Já está nas redes
AV Brazilian Jiu-Jitsu,,,,,Não está nas redes
CrossFit ON Araruama,https://bit.ly/CROSSFITONARARUAMA,Site próprio,,,Já está nas redes
Personal Trainer Marlon Muniz,,,,,Não está nas redes
ACADEMIA E CT RODOLFO BUDA,https://www.instagram.com/ct_rodofobuda/profilecard/?igsh=bWRkcmRkZG5ld3Jy,Instagram,https://www.instagram.com/ct_rodofobuda/profilecard/?igsh=bWRkcmRkZG5ld3Jy,,Já está nas redes
Centro de Artes Elizabeth Oliveira,https://centrodearteseliza.wixsite.com/caeo,Site próprio,,,Já está nas redes
Atom Gym- Academia,,,,,Não está nas redes
C.T Araruama Fight Team,,,,,Não está nas redes
Acqua Fit,,,,,Não está nas redes
Studio Pilates Camila Coutinho,,,,,Não está nas redes
Studio Camila Veríssimo Fisioterapia e Pilates,,,,,Não está nas redes
Grupo MED- Araruama,http://www.grupomed-adm.com.br/,Site próprio,,,Já está nas redes
AmorSaúde Araruama,"https://api.whatsapp.com/send?phone=5522999521750&text=Ol%C3%A1,%20vim%20pelo%20Google%20Meu%20Neg%C3%B3cio,%20e%20gostaria%20de...",Site próprio,,,Já está nas redes
Clínica Righi - Saúde em Foco - Araruama,https://www.clinicarighi.com/,Site próprio,,,Já está nas redes
Clínica Bem Estar,,,,,Não está nas redes
Clínica AMA,,,,,Não está nas redes
Clínica Karol Azedias Terapias Humanizadas,,,,,Não está nas redes
Clinicenter Araruama,http://www.clinicenter.com.br/,Site próprio,,,Já está nas redes
Clínica Santa Therezinha,,,,,Não está nas redes
Clínica MedCenter Araruama,,,,,Não está nas redes
CMP Saúde & Bem estar,,,,,Não está nas redes
Dra Gloria Oddone | Ginecologista e Obstetra,,,,,Não está nas redes
Bioclinic Araruama,,,,,Não está nas redes
Cia Saúde,,,,,Não está nas redes
Clínica Cedrus - Especialista em TEA,http://www.facebook.com/clinicacedrus,Facebook,,,Já está nas redes
Gastro Clin Center,https://gastroclincenter.com.br/,Site próprio,,,Já está nas redes
Clínica Libraas,,,,,Não está nas redes
Dra Juliana Ribeiro • Médica • Medicina estética e dermatologia,,,,,Não está nas redes
Clínica Vitae,https://www.facebook.com/clinicavitaeoficial/,Facebook,,,Já está nas redes
Aratrans Clínica Medica e Psicologia de Transito,,,,,Não está nas redes
Endolagos Clínica Gástrica,https://www.endolagos.com.br/,Site próprio,,,Já está nas redes
Gastro Clínica Araruama,,,,,Não está nas redes
Aura Clinique - ⁠Clínica Médica,https://www.instagram.com/aura.clinique?igsh=aGNmMXQ1czl6OWFv,Instagram,https://www.instagram.com/aura.clinique?igsh=aGNmMXQ1czl6OWFv,,Já está nas redes
CLÍNICA DO TRÂNSITO,,,,,Não está nas redes
Clinica Ortofisio Ltda,,,,,Não está nas redes
idmed Diagnóstico por Imagem,,,,,Não está nas redes
Med Lagos Araruama | Material Hospitalar,https://medlagos.com.br/,Site próprio,,,Já está nas redes
Consultorio Dr Wellington,,,,,Não está nas redes
Maria Dantas/Podóloga,https://www.instagram.com/mariadantas.podologa?igsh=NnNwNXNzejJlYnZ3,Instagram,https://www.instagram.com/mariadantas.podologa?igsh=NnNwNXNzejJlYnZ3,,Já está nas redes
PSY - Clínica de Atendimento Psicológico,,,,,Não está nas redes
Unimed Araruama,https://www.unimed.coop.br/site/web/araruama,Site próprio,,,Já está nas redes
"Clínica Costa & Lemes | Endocrinologista, Cardiologista, Medicina do Esporte e Emagrecimento em Araruama",https://clinicacostaelemes.com/,Site próprio,,,Já está nas redes
Melisa,,,,,Não está nas redes
Diagnost-Car,,,,,Não está nas redes
Hospital Unimed Araruama,https://www.unimed.coop.br/site/web/araruama/hospital-unimed,Site próprio,,,Já está nas redes
Dr. Wagner Villar Lignani Kascher - Urologista,,,,,Não está nas redes
Dra. Elizabete Abreu | Implante Dentario em Araruama,,,,,Não está nas redes
Clinica de Olhos - Dr. Lívio Massa,,,,,Não está nas redes
Dra. Tatiana Porto - Ginecologista em Araruama RJ,https://bit.ly/dratatianaginecologista,Site próprio,,,Já está nas redes
CLÍNICA ABBA,,,,,Não está nas redes
Ultramed Distribuidora | Material Hospitalar,,,,,Não está nas redes
"Silva, Wellington L L",,,,,Não está nas redes
Pronto Socorro HC Lagos,,,,,Não está nas redes
Italab Araruama,,,,,Não está nas redes
Fonoaudióloga - Carla Vieira- CRFa. 6099-RJ - Fonoaudióloga Araruama.,,,,,Não está nas redes
Psiquiatra Dra. Daniele Guedes,http://www.facebook.com/clinicacedrus,Facebook,,,Já está nas redes
Gabriella Jardim,,,,,Não está nas redes
Atacadão das Imagens - Araruama,,,,,Não está nas redes
Cardiologia Araruama Dr Marcelo Vaz,http://www.drmarcelovaz.com.br/cardiologia,Site próprio,,,Já está nas redes
Fisiolar Cuidando com Amor Fisioterapia em Araruama,,,,,Não está nas redes
Espaço Sumaya Jordão,,,,,Não está nas redes
Hellen Rodrigues- Nutricionista,https://hellenrodriguesnutri.my.canva.site/?utm_source=ig&utm_medium=social&utm_content=link_in_bio&fbclid=PAdGRleASuSPBleHRuA2FlbQIxMQBzcnRjBmFwcF9pZA8xMjQwMjQ1NzQyODc0MTQAAad2R0Am0nR4Hhz8_7HJm9bRT-Xfb0OD8xDID4tQzsy0fe5ABa9smlhkJUlbJA_aem_QsiHAs_skq3Zl2PP9UE82A,Site próprio,,,Já está nas redes
Alfa Medicina Ocupacional S/C,https://alfamedport-h8gqvvwm.manus.space/#contato,Site próprio,,,Já está nas redes
Psicóloga Larisa Santos,,,,,Não está nas redes
Center Fisio Tiele Morais,,,,,Não está nas redes
Leandro Vieira Ferreira,,,,,Não está nas redes
3D Imagem Odonto,https://odontoimagem3d.radiomemory.com.br/home/?a=bemvindo,Site próprio,,,Já está nas redes
Sorridents Clínicas Odontológicas Centro Araruama,https://sorridents.com.br/,Site próprio,,,Já está nas redes
Amanda Gomes Fono - FONOAUDIÓLOGA - FONOAUDIOLOGIA - C. ABBA,,,,,Não está nas redes
Dra. Stephanie Santos,https://drastephaniesantos.com.br/,Site próprio,,,Já está nas redes
Dr. Colonna - Dentista Araruama,https://instagram.com/colonnaodontologia_araruama,Instagram,https://instagram.com/colonnaodontologia_araruama,,Já está nas redes
ImplanTOP Clínica Odontológica - Dentista Araruama - Implante - Ortodontia,http://implantopararuama.com.br/,Site próprio,,,Já está nas redes
Dra Karoliny de Oliveira,https://instagram.com/karolinydentista?igshid=YmMyMTA2M2Y=,Instagram,https://instagram.com/karolinydentista?igshid=YmMyMTA2M2Y=,,Já está nas redes
Odonto Rio Araruama,,,,,Não está nas redes
Dr. Matias da Silva - Dentista Protético Araruama,https://sites.google.com/view/consultoriodrmatiasdasilva/in%C3%ADcio,Site próprio,,,Já está nas redes
OralRestaurar Clínica Odontológica,https://www.instagram.com/oralrestaurar?igsh=MTEwMzQwZ2p1bWxm,Instagram,https://www.instagram.com/oralrestaurar?igsh=MTEwMzQwZ2p1bWxm,,Já está nas redes
Dra Maiara Carvalho,http://wa.me/5522997963800,Site próprio,,,Já está nas redes
Dr. Lauro Santos Facetas em Resina,,,,,Não está nas redes
Coife Odonto Araruama,http://www.coifeodonto.com.br/araruama,Site próprio,,,Já está nas redes
Amitié odontologia e estética,,,,,Não está nas redes
Clinica Novo Dente Araruama,,,,,Não está nas redes
Dra Daniella Martins - Dentista em Araruama - RJ,,,,,Não está nas redes
Consultório Odontológico - Dra. Nathália Vialle,https://bio.site/Dra.nathaliavialle,Site próprio,,,Já está nas redes
Revita Odontologia Avançada,https://revitaodontologia.com.br/,Site próprio,,,Já está nas redes
Sarah Matos - Odontologia,,,,,Não está nas redes
Dr Igor Alves - Cirurgião Bucomaxilofacial,https://www.igoralvesbucomaxilo.com.br/,Site próprio,,,Já está nas redes
Pellito Odontologia,,,,,Não está nas redes
Dra Joyce Rezende | Harmonização facial em Araruama,https://www.instagram.com/rezendejoyce?igsh=MW5hczE4cTZ0bXgzdQ==&utm_source=qr,Instagram,https://www.instagram.com/rezendejoyce?igsh=MW5hczE4cTZ0bXgzdQ==&utm_source=qr,,Já está nas redes
"Pereira, Leonardo C",http://www.facebook.com/odontologiadrleonardocardoso,Facebook,,,Já está nas redes
Dra. Morgana Ribeiro - Tratamento do mau hálito (Halitose),,,,,Não está nas redes
HNZ Odontologia | Clínica Odontológica | Consultório Odontológico | Dentista,https://www.hnzodontologia.com.br/,Site próprio,,,Já está nas redes
AURA - Centro de Implantodontia,https://www.instagram.com/ramosecarvalhoodontologia?igsh=MTA5OG4wdnMyZzB3ZQ==,Instagram,https://www.instagram.com/ramosecarvalhoodontologia?igsh=MTA5OG4wdnMyZzB3ZQ==,,Já está nas redes
Prudente Odontologia,https://www.instagram.com/prudentemarchon/,Instagram,https://www.instagram.com/prudentemarchon/,,Já está nas redes
Clínica MS Odontologia e Harmonização Orofacial,https://www.instagram.com/dra.marianasa?igsh=MTJkM3lscTU0a3VlYQ%3D%3D&utm_source=qr,Instagram,https://www.instagram.com/dra.marianasa?igsh=MTJkM3lscTU0a3VlYQ%3D%3D&utm_source=qr,,Já está nas redes
OdontoCompany,,,,,Não está nas redes
Ilume Odontologia e Estética,https://www.instagram.com/ilumeodontologia/,Instagram,https://www.instagram.com/ilumeodontologia/,,Já está nas redes
Trocou de endereço,,,,,Não está nas redes
Clinica Odontológica Raposo,,,,,Não está nas redes
martinsnirelloodontologia,https://www.instagram.com/martinsnirelloodontologia/?hl=pt-br,Instagram,https://www.instagram.com/martinsnirelloodontologia/?hl=pt-br,,Já está nas redes
Chagas Odontologia,http://www.chagasodontologia.com/,Site próprio,,,Já está nas redes
Odontolagos,http://www.odontolagos.com.br/,Site próprio,,,Já está nas redes
Consultório odontológico,,,,,Não está nas redes
Dent Lagos,http://www.facebook.com/dentlagosrj,Facebook,,,Já está nas redes
MA ODONTOLOGIA INTEGRADA,,,,,Não está nas redes
Odontologia Dr. Fábio do Amaral Pinto,http://wa.me/5522988150516,Site próprio,,,Já está nas redes
Dr.Julio Barros Dentista,,,,,Não está nas redes
Clínica Body Life,https://www.instagram.com/clinica.bodylife?igsh=ZGowdGZrYWw0cDFs,Instagram,https://www.instagram.com/clinica.bodylife?igsh=ZGowdGZrYWw0cDFs,,Já está nas redes
Martins Odontologia,,,,,Não está nas redes
Radiodonto | Radiologia e Tomografia Odontológica,http://radiodontoararuama.com.br/,Site próprio,,,Já está nas redes
Prisma Odontologia,,,,,Não está nas redes
Chalhoub Odontologia,http://chalhoubodontologia.com.br/,Site próprio,,,Já está nas redes
Odontologia E Estética,,,,,Não está nas redes
NAIME EMERY ODONTOLOGIA,,,,,Não está nas redes
Consultório dentário Tia Sany,,,,,Não está nas redes
Odontovit -Consultório Odontológico,https://odontovit.negocio.site/,Site próprio,,,Já está nas redes
Consultório Odontológico Lagos,,,,,Não está nas redes
Clínica Fernanda Kraes,https://biosites.com/editor#/clinicafernandakraes/style,Site próprio,,,Já está nas redes
Dr Marcos Coelho Anderson -DENTISTA,https://drmarcoscoelhoanderson.meudoutor.com/,Site próprio,,,Já está nas redes
Dentista Dr Marcelo Oliveira,,,,,Não está nas redes
Clínica Odontológica,,,,,Não está nas redes
Pontes Furlan Odontologia Especializada,,,,,Não está nas redes
Consultorio Odontologico Drª Renata Florenciano,https://instagram.com/renataflorenciano.odontologia?utm_medium=copy_link,Instagram,https://instagram.com/renataflorenciano.odontologia?utm_medium=copy_link,,Já está nas redes
Pet Shop Clara Mamede Veterinária Araruama,https://www.petshopclaramamede.com/,Site próprio,,,Já está nas redes
Green pet Araruama,,,,,Não está nas redes
Pés & Patas Araruama II,http://www.pesepatas.com.br/,Site próprio,,,Já está nas redes
PET SHOP LATE E MIA,https://www.instagram.com/petlatemia?igsh=bnUxaXgxbDd5MnBu,Instagram,https://www.instagram.com/petlatemia?igsh=bnUxaXgxbDd5MnBu,,Já está nas redes
Agrijar Araruama,,,,,Não está nas redes
Pet Shop Arara Shopping Araruama,https://www.instagram.com/arara_shopping/,Instagram,https://www.instagram.com/arara_shopping/,,Já está nas redes
Vila Agropet Agropecuária e Pet Shop - Araruama,https://www.instagram.com/vilagropet/,Instagram,https://www.instagram.com/vilagropet/,,Já está nas redes
A casa do Pet,,,,,Não está nas redes
Pet Shop Clara Mamede Vila Capri,http://petshopclaramamede.com/,Site próprio,,,Já está nas redes
Feet & Legs,http://www.pesepatas.com.br/,Site próprio,,,Já está nas redes
American Pet,https://www.americanpet.com.br/,Site próprio,,,Já está nas redes
Vida Pet,https://www.instagram.com/vidapetfb,Instagram,https://www.instagram.com/vidapetfb,,Já está nas redes
Pro Cavalo Pet Shop,,,,,Não está nas redes
PETSHOP ALEGRIA DE ARARUAMA,,,,,Não está nas redes
Ki Pet,,,,,Não está nas redes
Pet Salon beleza e cuidado pet,,,,,Não está nas redes
Banho e Tosa Andressa Araujo Pet Grooming - Araruama RJ,,,,,Não está nas redes
Villa Pet Rações,,,,,Não está nas redes
Koisas De Bicho Agropecuária | Pet Shop,https://www.instagram.com/koisasdebicho.agro/,Instagram,https://www.instagram.com/koisasdebicho.agro/,,Já está nas redes
Veterinária Araruama,https://instagram.com/vet_araruama?igshid=YmMyMTA2M2Y=,Instagram,https://instagram.com/vet_araruama?igshid=YmMyMTA2M2Y=,,Já está nas redes
Agro Mix Pet Shop,,,,,Não está nas redes
Mimos dos Animais - Agropecuária & Pet Shop,http://mimosdosanimais.com.br/,Site próprio,,,Já está nas redes
Tesouro Pet,https://www.instagram.com/tesouropett?igsh=MWwzY2h0NHZ1eXlyZQ==,Instagram,https://www.instagram.com/tesouropett?igsh=MWwzY2h0NHZ1eXlyZQ==,,Já está nas redes
Au-Lume Pet Spa,https://au-lume.vercel.app/#inicio,Site próprio,,,Já está nas redes
Nutripet Rações petshop e agropecuaria,,,,,Não está nas redes
Casa dos Passarinhos,,,,,Não está nas redes
Pet Market,,,,,Não está nas redes
Mimo's Pet XV,,,,,Não está nas redes
Fonte Animal Agropecuária,,,,,Não está nas redes
PetShop.Com,,,,,Não está nas redes
Mari Pet Groomer Banho e Tosa Araruama,,,,,Não está nas redes
Nutripet Araruama 2,https://wa.me/5522999406162,Site próprio,,,Já está nas redes
Studio Pet - Banho & Tosa,,,,,Não está nas redes
Veterinária O Cãopeão,,,,,Não está nas redes
Pet Shop e Consultório Belga Feliz,http://www.petshopbelgafeliz.com.br/,Site próprio,,,Já está nas redes
Veterinary Clinic Letícia Piccoli,https://www.instagram.com/petpiccoliveterinaria,Instagram,https://www.instagram.com/petpiccoliveterinaria,,Já está nas redes
Amigas Du Pet,,,,,Não está nas redes
Cosme Luiz Fernandes Mendonça,,,,,Não está nas redes
Raçoes pet'scao,,,,,Não está nas redes
Dog Fish Casa de Racao,https://www.instagram.com/dogfish_oliveira?igsh=MWZjZmowcjJ6aTh3ZQ==,Instagram,https://www.instagram.com/dogfish_oliveira?igsh=MWZjZmowcjJ6aTh3ZQ==,,Já está nas redes
Agropecuária Central de Araruama Ltda,,,,,Não está nas redes
Agro Martins,,,,,Não está nas redes
Pet Stop,,,,,Não está nas redes
Empório Pet,https://emporiopetnutricaoanimal.ueniweb.com/?utm_campaign=gmb,Site próprio,,,Já está nas redes
4 Patas Pet Center,,,,,Não está nas redes
Patinhas Felizes PET SHOP - BANHO E TOSA,,,,,Não está nas redes
Papa pet,,,,,Não está nas redes
Efraim Agropet - Rações e Medicamentos,,,,,Não está nas redes
Clínica Veterinária & Petshop Apaixonados Por Quatro Patas - Unidade Araruama,https://apaixonadosporquatropatas.com.br/unidades/araruama/,Site próprio,,,Já está nas redes
Pet House,,,,,Não está nas redes
Gaspar Pet Shop,,,,,Não está nas redes
Agromax Pet Shop e Bazar,,,,,Não está nas redes
Casa dos Aquários - Aquários e Peixes ornamentais,https://www.instagram.com/casa.dosaquarios?igsh=MWE0b2o0dDFnOGtrZw==,Instagram,https://www.instagram.com/casa.dosaquarios?igsh=MWE0b2o0dDFnOGtrZw==,,Já está nas redes
Agropecuaria Santos,,,,,Não está nas redes
Agropecuária Amigos da terra e Utilidades para o Lar.,,,,,Não está nas redes
O Meu Amigaozão,https://www.facebook.com/ami.gaozao.3,Facebook,,,Já está nas redes
Pet Shop Amor de Cão & Cia,,,,,Não está nas redes
Agropet,,,,,Não está nas redes
Veterinary Good Shepherd,,,,,Não está nas redes
Nutri Lagos Casa de Ração,,,,,Não está nas redes
La Bella Donna,https://biolink.info/labelladonna,Site próprio,,,Já está nas redes
My Way Araruama,https://www.instagram.com/myway.araruama/,Instagram,https://www.instagram.com/myway.araruama/,,Já está nas redes
Áurea Store - Moda Feminina Araruama,https://www.instagram.com/aurea_store_/,Instagram,https://www.instagram.com/aurea_store_/,,Já está nas redes
Alfradique Modas - Loja de roupas masculina,https://www.instagram.com/alfradique_modas,Instagram,https://www.instagram.com/alfradique_modas,,Já está nas redes
Taurus Multimarcas - Moda Masculina Araruama,,,,,Não está nas redes
Citycol Araruama,,,,,Não está nas redes
SML ARARUAMA,https://www.smlrio.com.br/,Site próprio,,,Já está nas redes
D Modas,https://instagram.com/dmodasomelhordamoda?igshid=NzZhOTFlYzFmZQ==,Instagram,https://instagram.com/dmodasomelhordamoda?igshid=NzZhOTFlYzFmZQ==,,Já está nas redes
Solaris Moda feminina,https://instagram.com/use_solaris?utm_medium=copy_link,Instagram,https://instagram.com/use_solaris?utm_medium=copy_link,,Já está nas redes
Vidra Araruama,https://linktr.ee/lojavidra?fbclid=PAAaYUvla6MGuL8M3AZKeTo9QMRAa4naKN0jZb_aZ7lh1zg2F8dakNadQCeCI_aem_th_Afh1fge1m2ztrJqXLZKGrhdAcPhtu7SQ6x3fj9E_Q52--NyJWtsGBaiMmeBPxIKc3GA,Site próprio,,,Já está nas redes
Claudia Modas Araruama. Moda feminina e acessórios,,,,,Não está nas redes
Lilika Magazine,https://www.instagram.com/lojalilika?igsh=MTJqcmR0YnB1aTN3Ng==,Instagram,https://www.instagram.com/lojalilika?igsh=MTJqcmR0YnB1aTN3Ng==,,Já está nas redes
Loja mádama,,,,,Não está nas redes
Ospan Premium - Araruama,https://ospanpremium.bagypro.com/,Site próprio,,,Já está nas redes
Jeito Do Corpo,,,,,Não está nas redes
Loja Bem Vestida,https://instagram.com/beemm_vestidaa?igshid=MzRlODBiNWFlZA==,Instagram,https://instagram.com/beemm_vestidaa?igshid=MzRlODBiNWFlZA==,,Já está nas redes
Avadore,,,,,Não está nas redes
Loja Kátia Tavares | Roupas • Acessórios • Bolsas • Consultoria de imagem,https://www.instagram.com/lojakatiatavares,Instagram,https://www.instagram.com/lojakatiatavares,,Já está nas redes
Vitoria Couto,,,,,Não está nas redes
deFATO,http://www.instagram.com/defatostore,Instagram,http://www.instagram.com/defatostore,,Já está nas redes
OHANA ARARUAMA,https://ohanamodas.com.br/,Site próprio,,,Já está nas redes
Desire,https://www.instagram.com/desireararuamaoficial?igsh=MW5sdXQ5ZXVkcXM2OA==,Instagram,https://www.instagram.com/desireararuamaoficial?igsh=MW5sdXQ5ZXVkcXM2OA==,,Já está nas redes
Lojas Cris,https://lojascrisrj.com.br/,Site próprio,,,Já está nas redes
Danker,,,,,Não está nas redes
Loja Amor Próprio,,,,,Não está nas redes
Tatiana Andrade,,,,,Não está nas redes
Mega Vest,,,,,Não está nas redes
Amigos Da Moda,,,,,Não está nas redes
D'Glamour Aluguel de Roupas de Festa,,,,,Não está nas redes
Loja Jardim,,,,,Não está nas redes
Colcci Araruama - Moda feminina & Masculina,,,,,Não está nas redes
Lov Moda Íntima e Fitness Araruama,https://www.instagram.com/lov.araruama/,Instagram,https://www.instagram.com/lov.araruama/,,Já está nas redes
Loja I Love Me - Natura Araruama - Open Mall,,,,,Não está nas redes
South & Co. Araruama,http://www.gruposouth.com.br/,Site próprio,,,Já está nas redes
"Nude Perfumaria loja 1 Araruama , Perfumes Importados , Mahogany , Maquiagem e Cosméticos",,,,,Não está nas redes
Estilo Fino,,,,,Não está nas redes
ME Maria Emilia Rio,http://memariaemilia.com.br/,Site próprio,,,Já está nas redes
JJ Multimarcas Premium - Araruama,,,,,Não está nas redes
TFLOW Araruama,https://tflowararuamarubi.e-vendi.site/tflow-araruama,Site próprio,,,Já está nas redes
Loja Rossy's,https://www.facebook.com/RossysRMM/,Facebook,,,Já está nas redes
Atrativa,,,,,Não está nas redes
Conquista Moda Evangélica,,,,,Não está nas redes
Nea&Cissa Modas,https://instagram.com/neaecissamodafeminina?igshid=YmMyMTA2M2Y=,Instagram,https://instagram.com/neaecissamodafeminina?igshid=YmMyMTA2M2Y=,,Já está nas redes
REEYZA MODA FESTAS,,,,,Não está nas redes
Casa Dragão de Araruama Confecções Ltda,,,,,Não está nas redes
Pier,http://www.pier.com.br/,Site próprio,,,Já está nas redes
Desire,https://www.instagram.com/desireararuamaoficial/,Instagram,https://www.instagram.com/desireararuamaoficial/,,Já está nas redes
Fashion Biju - Araruama 2,http://www.fashionbiju.com/,Site próprio,,,Já está nas redes
Malukids Moda Infantil Araruama,,,,,Não está nas redes
AD Life Style (Araruama),http://adlifestyle.com.br/,Site próprio,,,Já está nas redes
Tegs Araruama,,,,,Não está nas redes
Fantasia E Acessórios,,,,,Não está nas redes
Top 10 Araruama,,,,,Não está nas redes
Lumberjack's Moda,,,,,Não está nas redes
Charme Prime,,,,,Não está nas redes
Arte Lier,,,,,Não está nas redes
1000 Opções araruama,,,,,Não está nas redes
Danylex,,,,,Não está nas redes
Perfume & Corpo - Perfumes Importados e Nacionais - Perfumaria em Araruama RJ.,,,,,Não está nas redes
Supermarket,https://redesupermarket.com.br/lojas/supermarket-araruama/,Site próprio,,,Já está nas redes
Rede Economia,http://www.redeconomia.com.br/,Site próprio,,,Já está nas redes
Extra Mercado,https://www.clubeextra.com.br/,Site próprio,,,Já está nas redes
Super Ofertão Supermarket,https://superofertaosupermercado.com.br/,Site próprio,,,Já está nas redes
Principal Stock Atacado e Varejo,,,,,Não está nas redes
Supermercado Esperança,http://www.mercadoesperanca.com.br/,Site próprio,,,Já está nas redes
Alvorada,,,,,Não está nas redes
Supermais Supermercados,,,,,Não está nas redes
Gomes Supermercado - Araruama,,,,,Não está nas redes
Dom Atacadista - Araruama,https://domatacadista.net/,Site próprio,,,Já está nas redes
Supermais Supermercados,,,,,Não está nas redes
Supermercado Areal,https://www.facebook.com/supermercadoareal/,Facebook,,,Já está nas redes
Supermercado Belo,,,,,Não está nas redes
Assaí Araruama,https://www.assai.com.br/,Site próprio,,,Já está nas redes
Horti & Cia - (Araruama),,,,,Não está nas redes
Mercado Municipal de Araruama,https://www.araruama.rj.gov.br/,Site próprio,,,Já está nas redes
Supermarket,https://redesupermarket.com.br/lojas/supermarket-vila-capri/,Site próprio,,,Já está nas redes
Superpreço,https://supermercadosuperpreco.com.br/,Site próprio,,,Já está nas redes
Supermercado Gomes,,,,,Não está nas redes
Rede Economia,,,,,Não está nas redes
Supermercado Armazém Rio Araruama,https://www.instagram.com/armazemrio_rlagos/,Instagram,https://www.instagram.com/armazemrio_rlagos/,,Já está nas redes
Supermercados Tinoco,,,,,Não está nas redes
Supermercado Esperança Araruama Bananeiras,,,,,Não está nas redes
Supermercado D'Mello,,,,,Não está nas redes
Mercado Andrade/JF SUPERMERCADOS LTDA,,,,,Não está nas redes
"supermercado Esperança ""O Bom De Preco""",,,,,Não está nas redes
Supermarket Araruama,,,,,Não está nas redes
Familiatapioca,,,,,Não está nas redes
Paixões de Minas,http://www.paixoesdeminas.com.br/,Site próprio,,,Já está nas redes
Supermercado Praia Seca,,,,,Não está nas redes
Sol & Mar Supermercados,,,,,Não está nas redes
Max Mercado,,,,,Não está nas redes
Mercado Alegria da Fazendinha,,,,,Não está nas redes
Loja do Confeiteiro,,,,,Não está nas redes
Sementi Mix,,,,,Não está nas redes
Supermercado Lagoa e Mar,,,,,Não está nas redes
Banco Santander - Agência 3031 Araruama,https://www.santander.com.br/?utm_source=gbp&utm_medium=perfil,Site próprio,,,Já está nas redes
Clube do Churrasco - Araruama,https://lojaclubedochurrasco.com.br/,Site próprio,,,Já está nas redes
Supermercado Big Oferta,https://www.supermercadobigoferta.com/,Site próprio,,,Já está nas redes
Qualité Express - Top Fitness,https://qualiteexpress.com.br/,Site próprio,,,Já está nas redes
Super Market,https://redesupermarket.com.br/lojas/supermarket-bacaxa/,Site próprio,,,Já está nas redes
Banco 24 Horas,https://www.banco24horas.com.br/,Site próprio,,,Já está nas redes
Supermarket Big Offer,https://www.supermercadobigoferta.com/,Site próprio,,,Já está nas redes
Mercado super oferta,,,,,Não está nas redes
Banco24Horas,https://www.banco24horas.com.br/,Site próprio,,,Já está nas redes
Redeconomia Princesa Supermercados - Iguaba,http://www.princesasupermercados.com.br/,Site próprio,,,Já está nas redes
Supermercado Armazém Rio Bacaxá,https://www.instagram.com/armazemriobacaxa/,Instagram,https://www.instagram.com/armazemriobacaxa/,,Já está nas redes
Supermercado Opcão,,,,,Não está nas redes
Supermercados Tinoco,,,,,Não está nas redes
Empório Albano's,http://www.albanosbar.com.br/,Site próprio,,,Já está nas redes
Boa Sorte Supermarket,https://www.instagram.com/supermercadosboasorte/,Instagram,https://www.instagram.com/supermercadosboasorte/,,Já está nas redes
Mercado Asa Blue,,,,,Não está nas redes
Mercearia Ouro Verde,,,,,Não está nas redes
Atakarejo,http://www.instagram.com/atakarejo_com,Instagram,http://www.instagram.com/atakarejo_com,,Já está nas redes
Doraruama,,,,,Não está nas redes
Mercearia Do Paulo,,,,,Não está nas redes
Qualité Express - Estação Fitness,https://qualiteexpress.com.br/,Site próprio,,,Já está nas redes
Hiper Granel,,,,,Não está nas redes
Mercearia do Cebola,,,,,Não está nas redes
Mercearia Lima,,,,,Não está nas redes
Supermercado Belo - Outeiro,,,,,Não está nas redes
Mercado Mais Barato,,,,,Não está nas redes
conselheiro macedo soares,,,,,Não está nas redes
Brio Importados,https://brioimportados.netlify.app/,Site próprio,,,Já está nas redes
Armazém de Minas,https://instagram.com/armazemdeminasararuama?igshid=NzZlODBkYWE4Ng==,Instagram,https://instagram.com/armazemdeminasararuama?igshid=NzZlODBkYWE4Ng==,,Já está nas redes
Armazém de Minas Loja,http://www.instagram.com/armazemdeminasararuama/,Instagram,http://www.instagram.com/armazemdeminasararuama/,,Já está nas redes
JRF DISTRIBUIDORA DE BEBIDAS,,,,,Não está nas redes
Conveniência Carioca - (Araruama),,,,,Não está nas redes
Docelândia Araruama RJ - Varejo e Atacado,,,,,Não está nas redes
Sa & Ju Bar e Mercearia🍺🍗☕,,,,,Não está nas redes
Mini Mercado Amorim,,,,,Não está nas redes
Trem Baum Café,https://trembaum.c3links.com.br/,Site próprio,,,Já está nas redes
"Albatroz Papelaria (Armarinho, Artesanato, Carimbos, Cópias, Impressões)",https://www.albatrozpapelaria.com.br/,Site próprio,,,Já está nas redes
Mercearia do Clebe.,,,,,Não está nas redes
Mercearia,,,,,Não está nas redes
Empório das Carnes,,,,,Não está nas redes
Casas Pedro,https://casaspedro.com.br/,Site próprio,,,Já está nas redes
Rei do pescado (Cabeludo),https://www.instagram.com/reidopescado,Instagram,https://www.instagram.com/reidopescado,,Já está nas redes
Aguiar Produtos Naturais,,,,,Não está nas redes
Imobiliária Araruama,https://www.imobiliariaararuama.com.br/,Site próprio,,,Já está nas redes
Bella Casa Imobiliária | Araruama,http://www.bellacasaconsultoria.com.br/,Site próprio,,,Já está nas redes
Iluna Imóveis,http://www.ilunaimoveis.com.br/,Site próprio,,,Já está nas redes
Seu Imóvel JR,http://www.seuimoveljr.com.br/,Site próprio,,,Já está nas redes
Morar.com Imobiliária,http://morarimobiliaria.com/,Site próprio,,,Já está nas redes
Fabiano Aguiar Imobiliária - Unidade Araruama,https://www.fabianoaguiarimobiliaria.com.br/,Site próprio,,,Já está nas redes
Imobiliária Terra e Prata - Imobiliária em Araruama,https://www.terraeprata.com.br/,Site próprio,,,Já está nas redes
Araruama Imóveis,http://www.araruamaimoveis.imb.br/,Site próprio,,,Já está nas redes
Imobiliária em Araruama - Augusto Imóveis,http://www.tagliattiimoveis.com/,Site próprio,,,Já está nas redes
Prime Residence Imobiliária,https://www.primeresidenceimob.com.br/,Site próprio,,,Já está nas redes
Geraldo Imóveis,http://www.geraldoimoveisrj.com.br/,Site próprio,,,Já está nas redes
Pieroni Corsi,https://home.pieronicorsi.com.br/,Site próprio,,,Já está nas redes
Paulo César Imóveis - Imobiliária em Araruama,http://www.paulocesarimoveis.com.br/,Site próprio,,,Já está nas redes
Imobiliária Lagomar,https://www.imobiliarialagomar.com.br/,Site próprio,,,Já está nas redes
Sempre Forte Imobiliária | Araruama,https://www.sempreforteimobiliaria.com.br/,Site próprio,,,Já está nas redes
EDUARDO IMÓVEIS,http://www.eduardoimoveisrj.com.br/,Site próprio,,,Já está nas redes
Marine Lacerda - Acessoria e Corretagem Imobiliária,,,,,Não está nas redes
Leonardo Imóveis,https://www.leonardoimoveisrj.com.br/,Site próprio,,,Já está nas redes
Ana Lessa Imóveis,http://www.analessaimoveis.com.br/,Site próprio,,,Já está nas redes
Eccard Imóveis,http://www.eccardimoveis.com.br/,Site próprio,,,Já está nas redes
JESSICA DIAS CORRETORA,,,,,Não está nas redes
Luciano Coutinho Corretor de Imoveis,http://www.lucianocoutinhoimoveis.com.br/,Site próprio,,,Já está nas redes
Santorini Negócios Imobiliários,http://www.santoriniimobiliaria.com.br/,Site próprio,,,Já está nas redes
Advocacia Imobiliária em Araruama,https://advimobiliaria.com.br/,Site próprio,,,Já está nas redes
Imobiliária em Araruama,,,,,Não está nas redes
Márcios Bastos Corretor de Imóveis,https://www.mbimoveis.com/,Site próprio,,,Já está nas redes
Icaza Consultoria Imobiliaria,https://icaza.com.br/,Site próprio,,,Já está nas redes
Terra e Casa Imóveis,https://www.alertaimoveis.com.br/imobiliarias/i25-terra-e-casa-imoveis-araruama-rj.html,Site próprio,,,Já está nas redes
Imobiliária Pintas,http://imobiliariapintas.negocio.site/,Site próprio,,,Já está nas redes
Carmelina Silvino - Corretora de imóveis CRECI/RJ 63.996,https://www.instagram.com/karmelyna_silvino?igsh=NTJsZDkyb2F5dWll,Instagram,https://www.instagram.com/karmelyna_silvino?igsh=NTJsZDkyb2F5dWll,,Já está nas redes
Paulo Cesar Imóveis,https://www.paulocesarimoveis.com.br/,Site próprio,,,Já está nas redes
Araruama Imóveis,http://araruamaimoveis.imb.br/,Site próprio,,,Já está nas redes
Corretora Imobiliária em Araruama | Jocilea Valente - Creci: 70.348,http://www.zapimoveis.com.br/imobiliaria/732192/,Site próprio,,,Já está nas redes
Pilar Imóveis e Construções LTDA,https://www.instagram.com/pilarimoveiseconstrucoes?igsh=Mm9uZzh3bWlhaHNw&utm_source=qr,Instagram,https://www.instagram.com/pilarimoveiseconstrucoes?igsh=Mm9uZzh3bWlhaHNw&utm_source=qr,,Já está nas redes
HB Consultores Imobiliários,http://www.hbconsultores.com.br/,Site próprio,,,Já está nas redes
BOLAES IMÓVEIS,,,,,Não está nas redes
Kely Marotti Soluções Imobiliárias,https://kelymarotticorretora.com.br/,Site próprio,,,Já está nas redes
PABLO CUSTÓDIO IMÓVEIS,http://www.pablocustodioimoveis.com.br/,Site próprio,,,Já está nas redes
Henrique Imóveis,http://www.henriqueimoveis.com.br/,Site próprio,,,Já está nas redes
Isabel Figueiredo Imoveis,http://www.isabelcorretoradeimoveis.com.br/contato,Site próprio,,,Já está nas redes
Imobiliária Barbudo,http://www.barbudoimobiliaria.com.br/,Site próprio,,,Já está nas redes
NovaRede Imobiliária,,,,,Não está nas redes
Machado Imóveis Araruama,https://www.machadoimoveisararuama.com/,Site próprio,,,Já está nas redes
França e Escobar Imóveis,http://www.francaescobarimoveis.com.br/,Site próprio,,,Já está nas redes
Alex Gomes,http://www.alexgomesimoveis.com.br/,Site próprio,,,Já está nas redes
Zuleika Imóveis,http://www.zuleikamendesimoveis.com.br/,Site próprio,,,Já está nas redes
Eluar Sebould Negócios Imobiliários,https://eluarsebouldimoveis.com.br/,Site próprio,,,Já está nas redes
Real Sonhos Imóveis,http://www.realsonhosimoveis.com.br/,Site próprio,,,Já está nas redes
Gaya Imóveis,http://www.gayaimobiliaria.com.br/,Site próprio,,,Já está nas redes
Luiz Ribeiro Imóveis,http://luizribeiroimoveisrj.com.br/,Site próprio,,,Já está nas redes
SINDMAX ADMINISTRAÇÃO DE CONDOMÍNIOS E IMÓVEIS LTDA,https://www.sindmax.com.br/,Site próprio,,,Já está nas redes
Residencial Collynas Park Araruama RJ,,,,,Não está nas redes
Vaval Imóveis,https://www.vavalimoveis.com/,Site próprio,,,Já está nas redes
ARARUAMA DESPACHANTE,https://sites.google.com/view/despachantemarcus?usp=sharing,Site próprio,,,Já está nas redes
Evair Carvalho Gestao Imobiliária,https://evair-carvalho-gestao-imobiliaria.ueniweb.com/?utm_campaign=gmb,Site próprio,,,Já está nas redes
M. Silva Imoveis,http://msilvaimoveis.com.br/imoveis.asp?busca=1&TipoNeg=Aluguel,Site próprio,,,Já está nas redes
Impactar Imóveis,http://www.impactarimoveis.com.br/sobre,Site próprio,,,Já está nas redes
Evair Carvalho Gestão Imobiliária,,,,,Não está nas redes
Antonio Imoveis Araruama,,,,,Não está nas redes
Renato Gonçalves Imóveis,http://www.renatogoncalvesimoveis.com.br/,Site próprio,,,Já está nas redes
Rcar Auto Mecanica,https://www.instagram.com/rcar.automecanica/,Instagram,https://www.instagram.com/rcar.automecanica/,,Já está nas redes
Mecânica do Paulinho,,,,,Não está nas redes
Garage Auto Service,,,,,Não está nas redes
Auto Repare Oficina Especializada Jeep,http://www.autorepare.com.br/,Site próprio,,,Já está nas redes
FR Oficina Mecanica,,,,,Não está nas redes
Mecânica Capri,,,,,Não está nas redes
Oficina Cronos,,,,,Não está nas redes
Mecânica São Paulo,,,,,Não está nas redes
Oficina do Léo,,,,,Não está nas redes
Oficina mecanica do fabinho,,,,,Não está nas redes
Centro Automotivo Porto Serviço Fernancar,https://www.portoseguro.com.br/centro-automotivo/oficinas/638?utm_source=google&utm_medium=maps&utm_campaign=lbm_638,Site próprio,,,Já está nas redes
Mecânica PX,,,,,Não está nas redes
Ws mecânica automotiva. Mecânica do William,,,,,Não está nas redes
Mecânica RP Ltda,,,,,Não está nas redes
Mecanica do leandro,,,,,Não está nas redes
Oficina do Alexandre,,,,,Não está nas redes
JR Auto Mecânica Araruama,,,,,Não está nas redes
Comercial Rançato Mecânica e Auto Peças,,,,,Não está nas redes
Auto Mecânica Domeneghini ( Gaúcho Mecânico),https://www.facebook.com/gauchoomecanico/,Facebook,,,Já está nas redes
Oficina Do Pedro,,,,,Não está nas redes
Oficina do Fabio,,,,,Não está nas redes
Leonardo automóveis,,,,,Não está nas redes
POINTCAR OFICINA MECÂNICA,,,,,Não está nas redes
LF Service Car - Especializada Land Rover e Importados.,,,,,Não está nas redes
Vieira stop car,,,,,Não está nas redes
OFICINA MECANICA FOGAREL,,,,,Não está nas redes
Guticar Comércio e Serv,http://www.guticar.com.br/site/contato.php,Site próprio,,,Já está nas redes
Mecânica Vrum,https://www.facebook.com/mecanicavrum/?modal=admin_todo_tour,Facebook,,,Já está nas redes
Edumar Auto Parts,http://www.edumarautopecas.com.br/,Site próprio,,,Já está nas redes
Bosch Centro Automotivo Multimarcas,,,,,Não está nas redes
Mecânica Águiar (careca),,,,,Não está nas redes
RPM Centro Automotivo,https://fldmtojb.manus.space/,Site próprio,,,Já está nas redes
Oficina Do Fabinho,,,,,Não está nas redes
Juncar Auto Center,https://beacons.ai/juncarautocenter,Site próprio,,,Já está nas redes
oficina do fabinho,,,,,Não está nas redes
Oficina do Flavinho,,,,,Não está nas redes
Região dos Lagos Auto Molas,http://www.regiaodoslagosmolas.com.br/,Site próprio,,,Já está nas redes
R&R Rodas,https://www.instagram.com/rrrodasautocenter/,Instagram,https://www.instagram.com/rrrodasautocenter/,,Já está nas redes
Oficina Mecanica Pai e Filho,,,,,Não está nas redes
Oficina Professor Câmbio Automático,https://www.profcambio.com.br/,Site próprio,,,Já está nas redes
G-TEC Serviço Automotivo,,,,,Não está nas redes
Auto Center Proverá,,,,,Não está nas redes
VINICAR Auto Elétrica,,,,,Não está nas redes
Mecânica Jamelão,,,,,Não está nas redes
Oficina Clínica Automotiva Auto center,,,,,Não está nas redes
RM Auto Peças,,,,,Não está nas redes
Officina Mecânica Js,,,,,Não está nas redes
Auto Center JZ CAR,,,,,Não está nas redes
SUHETT AR - REFRIGERAÇÃO AUTOMOTIVA,https://www.suhett-ar.com.br/,Site próprio,,,Já está nas redes
Canadelo Auto Peças,http://canadelo.com.br/,Site próprio,,,Já está nas redes
Oficina do Paulinho,,,,,Não está nas redes
RIBEIRO REFRIGERAÇÃO AUTOMOTIVA,https://instagram.com/renato.ribeiro.refrigeracao?igshid=NTc4MTIwNjQ2YQ==,Instagram,https://instagram.com/renato.ribeiro.refrigeracao?igshid=NTc4MTIwNjQ2YQ==,,Já está nas redes
Baterama Autocenter - PNEUS - BATERIAS - SUSPENÇÃO - FREIOS - OFICINA MECÂNICA,https://www.instagram.com/baterama_autocenter?igsh=ZXR5YXBuNjh0bGl2,Instagram,https://www.instagram.com/baterama_autocenter?igsh=ZXR5YXBuNjh0bGl2,,Já está nas redes
Bashi Motors Araruama,https://bashimotors.com.br/?src=&utm_source=gmn&utm_medium=organic&utm_content=&utm_campaign=araruama&utm_term=,Site próprio,,,Já está nas redes
Autocenter Praça da Bandeira,,,,,Não está nas redes
Borracharia mutirão 24H,,,,,Não está nas redes
Aurélio Auto Elétrica - Peças e Serviços,https://www.facebook.com/OficinaAurelio/,Facebook,,,Já está nas redes
MECANICA em GERAL,,,,,Não está nas redes
Projetcar | Estética Automotiva Premium,,,,,Não está nas redes
Mecânico,,,,,Não está nas redes
Mercadão Parts,https://linktr.ee/mercadao.pecas,Site próprio,,,Já está nas redes
Valdiney Auto Peças,https://wa.me/5522998713018,Site próprio,,,Já está nas redes
RPEV Autopeças Araruama,,,,,Não está nas redes
Auto peças brilho total,http://bit.ly/2PH6fbr,Site próprio,,,Já está nas redes
Unipeças e Latarias de Araruama,https://www.instagram.com/unipecas_latarias?igsh=MW5iZjZwdng4dGRjdg==,Instagram,https://www.instagram.com/unipecas_latarias?igsh=MW5iZjZwdng4dGRjdg==,,Já está nas redes
Ponto Certo Auto Pecas,,,,,Não está nas redes
Mac Auto Peças,,,,,Não está nas redes
Auto Peças Sol dos Lagos,,,,,Não está nas redes
Zezinho Auto Peças,,,,,Não está nas redes
Tratorlagos auto peças,,,,,Não está nas redes
Advento Auto Peças,https://whats.link/adventoautopecas,Site próprio,,,Já está nas redes
CARDAN,,,,,Não está nas redes
KA motos,https://wa.me/5522998284131?text=Boa%20tarde%2C%20gostaria%20de%20um%20servi%C3%A7o%20ou%20pe%C3%A7a%20,Site próprio,,,Já está nas redes
FaVe Brechó,,,,,Não está nas redes
JP BATERIAS,http://jpbateria.com.br/,Site próprio,,,Já está nas redes
Hawaii Óleo & Acessórios,,,,,Não está nas redes
Fiat dealership G3 Automotive,https://www.fiatautomotive.com.br/,Site próprio,,,Já está nas redes
Prontomar Refrigeração Araruama,https://www.instagram.com/prontomar.refrigeracao/,Instagram,https://www.instagram.com/prontomar.refrigeracao/,,Já está nas redes
Parcelinha motos,https://www.instagram.com/parcelinha_?igsh=bmpyajB2Y3hoYjVs&utm_source=qr,Instagram,https://www.instagram.com/parcelinha_?igsh=bmpyajB2Y3hoYjVs&utm_source=qr,,Já está nas redes
Fio Reto ‐ Armarinho e Aviamentos,https://www.instagram.com/fioretoarmarinho?igsh=MXFrNXdmam5ma2Rkcg%3D%3D&utm_source=qr,Instagram,https://www.instagram.com/fioretoarmarinho?igsh=MXFrNXdmam5ma2Rkcg%3D%3D&utm_source=qr,,Já está nas redes
Mano Motos,https://www.facebook.com/manomotos.araruama/?modal=admin_todo_tour,Facebook,,,Já está nas redes
Tintas 1000 Araruama I,,,,,Não está nas redes
REM Franquias Hinode - Araruama - RJ,,,,,Não está nas redes
Elite pneus,,,,,Não está nas redes
Sinal Verde,,,,,Não está nas redes
Drogarias Unilagos Gigi,http://www.drogariasunilagos.com.br/,Site próprio,,,Já está nas redes
Armazém da Limpeza,,,,,Não está nas redes
Falcon Cartuchos,,,,,Não está nas redes
Fintec Auto Center,,,,,Não está nas redes
Droga Raia,,,,,Não está nas redes
Droga Raia,,,,,Não está nas redes
Rede Inova Drogarias Mônica,https://www.redeinovadrogariasmonica.com.br/,Site próprio,,,Já está nas redes
Drogaria Nova Farma- Mataruna,https://pt-br.facebook.com/novamaisfarma/,Facebook,,,Já está nas redes
Drogarias Alexandre,http://www.drogariasalexandre.com.br/,Site próprio,,,Já está nas redes
Drogarias Pacheco,http://www.drogariaspacheco.com.br/,Site próprio,,,Já está nas redes
Drogarias Alexandre,http://www.drogariasalexandre.com.br/,Site próprio,,,Já está nas redes
Droga raia,https://www.drogaraia.com.br/nossas-lojas?search=Araruama,Site próprio,,,Já está nas redes
Drogarias Unilagos,http://www.drogariasunilagos.com.br/,Site próprio,,,Já está nas redes
Pharmanita Drogaria,https://www.facebook.com/pages/Pharmanita-Drogaria-e-Perfumaria/198065473619423?ref=hl,Facebook,,,Já está nas redes
Drogaria Nova Farma - Boa Perna,http://novamaisfarmaredelagos.my.canva.site/site-rede-lagos,Site próprio,,,Já está nas redes
Farmácia Nat Pharma - Araruama,,,,,Não está nas redes
Drogarias Líder,,,,,Não está nas redes
Água & Vida,https://www.instagram.com/aguaevidaa/profilecard/?igsh=bmh3cGE1dTZnMWNj,Instagram,https://www.instagram.com/aguaevidaa/profilecard/?igsh=bmh3cGE1dTZnMWNj,,Já está nas redes
Drogarias Geribá Araruama,,,,,Não está nas redes
Rede Nova Farma - Rio do Limão (Mutirão),http://novamaisfarmaredelagos.my.canva.site/site-rede-lagos,Site próprio,,,Já está nas redes
Drogarias Unilagos,http://www.drogariasunilagos.com.br/,Site próprio,,,Já está nas redes
Viva Bem Drogaria Araruama,https://drogariavivabem.com.br/lojas/,Site próprio,,,Já está nas redes
Tito e Tati Farmácia e Perf.,,,,,Não está nas redes
Drogaria Droganews,https://www.instagram.com/droganewsararuama/,Instagram,https://www.instagram.com/droganewsararuama/,,Já está nas redes
Drogaria DrogaViva,https://www.instagram.com/drogaria_drogaviva,Instagram,https://www.instagram.com/drogaria_drogaviva,,Já está nas redes
Farma Vida,,,,,Não está nas redes
Drogarias Unilagos,http://www.drogariasunilagos.com.br/,Site próprio,,,Já está nas redes
Cityfarma,http://cityfarma.com.br/,Site próprio,,,Já está nas redes
Drogaria max Boa perna,https://www.instagram.com/drogariasmax.boaperna.araruama?igsh=ODQ1MGJobG1uenoz,Instagram,https://www.instagram.com/drogariasmax.boaperna.araruama?igsh=ODQ1MGJobG1uenoz,,Já está nas redes
Farmácia Equilibrarte,https://farmaciaequilibrarte.com.br/,Site próprio,,,Já está nas redes
Drogaria Econômica,https://www.instagram.com/drogariaeconomicarede/,Instagram,https://www.instagram.com/drogariaeconomicarede/,,Já está nas redes
Atacadão das Fraldas,,,,,Não está nas redes
Drogaria Nova Farma - Fazendinha,http://novamaisfarmaredelagos.my.canva.site/site-rede-lagos,Site próprio,,,Já está nas redes
Drogarias Helena,,,,,Não está nas redes
Qualimed Farmácia E Perfumaria,,,,,Não está nas redes
Nossa Drogaria,,,,,Não está nas redes
Drogaria Outeiro,,,,,Não está nas redes
Drogarias Unilagos,http://www.drogariasunilagos.com.br/,Site próprio,,,Já está nas redes
Drogaria Viana,,,,,Não está nas redes
Farmácia Arte em Manipulação - Humana e Veterinária ( ARTE VET),https://www.instagram.com/arte.em.manipulacao/,Instagram,https://www.instagram.com/arte.em.manipulacao/,,Já está nas redes
FARMA RIO,,,,,Não está nas redes
Inova Drogaria Solar,,,,,Não está nas redes
Rede Inova Drogarias,http://redeinovadrogarias.com.br/jornal-online/rj/index.html,Site próprio,,,Já está nas redes
Droga Raia,https://www.drogaraia.com.br/nossas-lojas?search=Araruama,Site próprio,,,Já está nas redes
Drogarias Unilagos - Fazendinha,,,,,Não está nas redes
Drogarias Unilagos,http://www.drogariasunilagos.com.br/,Site próprio,,,Já está nas redes
Trivita Pharm - Farmácia de Manipulação,https://www.instagram.com/trivita.pharm,Instagram,https://www.instagram.com/trivita.pharm,,Já está nas redes
Phytolagos Farmácia De Manipulação De Araruama Ltd,,,,,Não está nas redes
Rede Inova Areal - Prevent Pharma,,,,,Não está nas redes
Farma Bella,,,,,Não está nas redes
Drogaria Popular,,,,,Não está nas redes
A loja de fraldas,,,,,Não está nas redes
Pharma Capri,https://beacons.ai/pharmacapri,Site próprio,,,Já está nas redes
Drogaria Far preço popular,,,,,Não está nas redes
W Fernandes Drogaria,,,,,Não está nas redes
Drogarias Helena,,,,,Não está nas redes
Nova Rede Drogarias,https://novarededrogarias.com.br/,Site próprio,,,Já está nas redes
DrogaVET Araruama e região dos Lagos - Farmácia de Manipulação Veterinária,https://spotshop.unidades.drogavet.com.br/drogavet-araruama-rj,Site próprio,,,Já está nas redes
Nossa Drogaria,,,,,Não está nas redes
Drogaria Sipharma,,,,,Não está nas redes
Hotel Pousada Figueiredo,http://pousadafigueiredo.com.br/,Site próprio,,,Já está nas redes
Hotel Orla De Araruama,https://www.hotelorladeararuama.com.br/,Site próprio,,,Já está nas redes
Ver a Vista Hotel,https://www.veravistahotel.com.br/,Site próprio,,,Já está nas redes
Vila barbara,,,,,Não está nas redes
Pousada Praia do Coqueiral,https://pousadasbr.com/pousada-lagoa-de-araruama/,Site próprio,,,Já está nas redes
Casa Abel,http://casaabelhotel.com.br/,Site próprio,,,Já está nas redes
Pousada Bons Sonhos,,,,,Não está nas redes
POUSADA RECANTO DE PRAIA SECA,,,,,Não está nas redes
Hotel Pousada Praia dos Amores,https://pousadaalgodaodapraia.com.br/,Site próprio,,,Já está nas redes
Araru lagun hotel pousada,https://wa.me/message/7R7JQ4XWCH3BO1,Site próprio,,,Já está nas redes
Pousada Emperor,,,,,Não está nas redes
Recanto Suítes,http://www.recantosuites.com.br/,Site próprio,,,Já está nas redes
Pousada Araruama,,,,,Não está nas redes
Sleep & Go,,,,,Não está nas redes
Hostel Sol do Alcaíra,,,,,Não está nas redes
Pousada Alto da Pontinha,,,,,Não está nas redes
Pousada F&T,,,,,Não está nas redes
J. P. Palace Hotel,,,,,Não está nas redes
Pousada Varandas Lagoa Azul,,,,,Não está nas redes
Araruama Resort,,,,,Não está nas redes
Casa - Familia,,,,,Não está nas redes
McDonald’s - Araruama,http://www.mcdonalds.com.br/,Site próprio,,,Já está nas redes
Pousada Elaine,,,,,Não está nas redes
pousada olodes,,,,,Não está nas redes
Hotel Pousada Chalé do Coqueiral,https://biolink.website/chaledocoqueiral,Site próprio,,,Já está nas redes
Pousada Brilho Do Sol,,,,,Não está nas redes
kite Suites - Hospedagem e Gastronomia,http://www.kitesuites.com.br/,Site próprio,,,Já está nas redes
Pousada Pé na Roça,,,,,Não está nas redes
Pousada Clube Campestre,https://instagram.com/pousada.clube_campestre?igshid=N2ZiY2E3YmU=,Instagram,https://instagram.com/pousada.clube_campestre?igshid=N2ZiY2E3YmU=,,Já está nas redes
Casa de Praia Vilatur,,,,,Não está nas redes
Pousada Lagoa Azul Praia Seca,,,,,Não está nas redes
Pousada Costa Do Coqueiral,,,,,Não está nas redes
Pousada Solar do Paraty,,,,,Não está nas redes
Pousada Recanto Verde e Mar,,,,,Não está nas redes
Eco pousada região dos Lagos,,,,,Não está nas redes
Pousada me leva logo.araruama RJ,,,,,Não está nas redes
Lagoa Azul Guest House,,,,,Não está nas redes
Casa das Flores,,,,,Não está nas redes
Pousada Recanto dos Anjos Araruama RJ,,,,,Não está nas redes
Pousada Sal Tropical,,,,,Não está nas redes
Hotel Pousada Caminhos do mar,,,,,Não está nas redes
Pousada Tourne Bride,https://m.facebook.com/pousadatournebride/?locale2=pt_BR,Facebook,,,Já está nas redes
Pousada Zen,,,,,Não está nas redes
Pousada La Maison,,,,,Não está nas redes
Pousada da Amendoeira,,,,,Não está nas redes
Pousada dos Gaúchos,http://www.instagram.com/pousadayhwh,Instagram,http://www.instagram.com/pousadayhwh,,Já está nas redes
Pousada MDCO,https://instagram.com/pousadamdco?igshid=YmMyMTA2M2Y=,Instagram,https://instagram.com/pousadamdco?igshid=YmMyMTA2M2Y=,,Já está nas redes
Pousada Vista do Lago - Araruama,https://beacons.ai/vistadolago_pousada,Site próprio,,,Já está nas redes
Sítio Ilha do Lazer - Parque de Diversões,https://www.ilhadolazer.com.br/,Site próprio,,,Já está nas redes
Aconchego da Vovó,,,,,Não está nas redes
Pousada Stiaberj,http://pousadastiaberj.com.br/,Site próprio,,,Já está nas redes
Praia Seca,,,,,Não está nas redes
Pousada Colônia Sec-Lagos,,,,,Não está nas redes
Pousada pepper. pink,,,,,Não está nas redes
KAZAYA POUSADA,,,,,Não está nas redes
Kite Nômade School,http://www.kitenomade.com.br/,Site próprio,,,Já está nas redes
Loft IMTur,,,,,Não está nas redes
Pousada Brilho da Lagoa Iguaba Grande,https://pousadabrilhodalagoa.my.canva.site/,Site próprio,,,Já está nas redes
Hostel Iguabella - RJ,https://www.instagram.com/hosteliguabella/,Instagram,https://www.instagram.com/hosteliguabella/,,Já está nas redes
Sítio Ilha do lazer,,,,,Não está nas redes
ALBERGUE DOS LAGOS,,,,,Não está nas redes
Pousada da Teteia em Praia Seca na Praia da Pernambuca,http://pousadadateteia.com.br/,Site próprio,,,Já está nas redes
Hibou Guesthouse,,,,,Não está nas redes
Pousada Das Araras,,,,,Não está nas redes
Pousada do Peu,,,,,Não está nas redes
Hotel Villaggio dos Ventos,http://www.hotelvillaggiodosventos.com.br/,Site próprio,,,Já está nas redes
Pousada Lagoa Azul,,,,,Não está nas redes
Escritório de Advocacia Dr Rafael Barbosa Nogueira,https://www.rafaelbarbosaadvogados.com.br/,Site próprio,,,Já está nas redes
Advogada Previdenciária - Especialista em INSS - Dra. Lohanna Quintanilha Advocacia,https://www.instagram.com/quintanilhaadvocacia/,Instagram,https://www.instagram.com/quintanilhaadvocacia/,,Já está nas redes
Louise Cordeiro - Advogada Criminalista,https://wa.me/message/CTKJX2NXLRZKM1,Site próprio,,,Já está nas redes
Escritório de Advocacia Daiana Leandro Advogados Associados,http://www.daianaleandroadvocacia.com.br/,Site próprio,,,Já está nas redes
Advogada Familiarista - Dra Lorrayne Porto,https://lorrayneporto.jusfy.com.br/,Site próprio,,,Já está nas redes
Advogada Familiarista - Ilka Nolasco,https://ilkanolasco.com.br/inventario-e-planejamento-sucessorio/,Site próprio,,,Já está nas redes
Andrade Mello Advocacia (Dra. Graciele Mello),http://andrademelloadvocacia.com/,Site próprio,,,Já está nas redes
Daymiller Paraiso Advogado dos servidores públicos,https://bragancaparaisoadv.com.br/,Site próprio,,,Já está nas redes
MS ADVOCACIA,,,,,Não está nas redes
Taynná Marraschi | Marraschi Advocacia,https://wa.me/5522992934538,Site próprio,,,Já está nas redes
Maciel Tuler Advocacia,,,,,Não está nas redes
Nirello e Rosa Sociedade de advogados,http://www.nirelloerosa.com.br/,Site próprio,,,Já está nas redes
Sandy Freitas – Advogada Criminalista em Araruama RJ | Atendimento 24H,https://bio.site/adv.sandyfreitas,Site próprio,,,Já está nas redes
Thallyta Proença Advocacia,,,,,Não está nas redes
Gabriel Gouvêa - Advogado Criminalista,,,,,Não está nas redes
Advogada Previdenciária - Danielle Leão,https://www.dradanielleleao.com.br/,Site próprio,,,Já está nas redes
Natália Bezerra advocacia.,https://www.nataliabezerraadvocacia.com/,Site próprio,,,Já está nas redes
Natália Moutella Advocacia,https://nataliamoutella.com.br/links/,Site próprio,,,Já está nas redes
MELO ADVOCACIA - Região dos Lagos - Dra. Belenice Melo,https://melo-advocacia5.webnode.page/,Site próprio,,,Já está nas redes
Ferreira e Garcia Advogados Associados,http://www.ferreiragarciaadv.com/,Site próprio,,,Já está nas redes
Bruna Duarte Advogada a familiarista é previdenciárista,,,,,Não está nas redes
Weber e Castello Branco Sociedade de Advogados,,,,,Não está nas redes
Advogado Especialista em INSS e Aposentadoria - Araruama e Região dos Lagos - Dra. Cláudia Coutinho.,https://wa.me/message/OWZUVG56SLSAP1,Site próprio,,,Já está nas redes
JN AZEVEDO ADVOGADOS 03,https://www.jnazevedoadvogados.com/,Site próprio,,,Já está nas redes
AG ADVOCACIA,,,,,Não está nas redes
Vasconcelos & Vasconcelos - Advocacia e Assessoria Jurídica,,,,,Não está nas redes
Campos Lopez Advogados Associados - Advogado em Araruama,https://camposlopez.com.br/,Site próprio,,,Já está nas redes
ESCRITÓRIO DE ADVOCACIA - PAULO HENRIQUE JARDIM,,,,,Não está nas redes
Dr. Netto Advocacia Geral Araruama,http://araruamadespachante.com/,Site próprio,,,Já está nas redes
Escritório de Advocacia Gomes e Tavares,,,,,Não está nas redes
Samuel Beck Advogado,https://wa.me/5521967775744,Site próprio,,,Já está nas redes
Ademario Gonçalves Advogados Associados,http://www.ademarioconçalves.adv.br/,Site próprio,,,Já está nas redes
Escritório de advocacia Dr Marcelo Moraes Barcelos,,,,,Não está nas redes
Moreira Novaes Advocacia,https://www.moreiranovaes.com/,Site próprio,,,Já está nas redes
Carvalho e Sampaio Advogados Associados,,,,,Não está nas redes
Ingrid Eustaquio Advocacia Imobiliária,https://ingridadvimobiliario.com.br/direito-imobiliario/,Site próprio,,,Já está nas redes
Escritório de Advocacia Liliane Vernin,https://lilianevernin.adv.br/,Site próprio,,,Já está nas redes
𝐂𝐮𝐧𝐡𝐚 & 𝐅𝐥𝐨𝐫𝐞𝐬 - 𝐀𝐝𝐯𝐨𝐜𝐚𝐜𝐢𝐚 𝐄𝐬𝐩𝐞𝐜𝐢𝐚𝐥𝐢𝐳𝐚𝐝𝐚 𝐞𝐦 𝐏𝐫𝐞𝐯𝐢𝐝𝐞𝐧𝐜𝐢𝐚 𝐞 𝐃𝐢𝐫. 𝐓𝐫𝐚𝐛𝐚𝐥𝐡𝐨,,,,,Não está nas redes
Figueiredo & Przelomski Advogados,,,,,Não está nas redes
Canto & Cugliana Advogados,,,,,Não está nas redes
Liana almeida advocacia,https://lianaalmeidaadv.my.canva.site/,Site próprio,,,Já está nas redes
Karina Afonso Consultoria Jurídica,,,,,Não está nas redes
veneno & coutinho advogados associados,http://www.venenoecoutinho.com.br/,Site próprio,,,Já está nas redes
Oliveira & Rodriguez Advogados,,,,,Não está nas redes
Franciane Bastos de Carvalho,,,,,Não está nas redes
LETÍCIA DELMINDO ADVOCACIA CRIMINAL E CONSULTORIA JURÍDICA,,,,,Não está nas redes
Graciano Torres Quintanilha,,,,,Não está nas redes
Natalino Filho Advocacia,http://natalinofilho.adv.br/,Site próprio,,,Já está nas redes
OAB Araruama 28° Subseção,https://oabararuama.org.br/,Site próprio,,,Já está nas redes
Escritório de Advocacia Dr Antônio José de Jesus Nascimento,,,,,Não está nas redes
Borba & Grizotti Advogados,http://borbaegrizotti.wixsite.com/blog,Site próprio,,,Já está nas redes
Pinheiro dos Santos Advocacia,https://www.instagram.com/invites/contact/?i=dqkt72wl07vk&utm_content=iq3ubn5,Instagram,https://www.instagram.com/invites/contact/?i=dqkt72wl07vk&utm_content=iq3ubn5,,Já está nas redes
Dolzani Advocacia,http://www.dolzani.com.br/,Site próprio,,,Já está nas redes
Diego Antunes & Advogados Especializados,,,,,Não está nas redes
Lydiane Marinho Advocacia consultoria em BPC para autista,,,,,Não está nas redes
LM Advocacia e Soluções Imobiliárias,,,,,Não está nas redes
Jogo da Advocacia,,,,,Não está nas redes
Felipe de Oliveira Rodrigues Sociedade Unipessoal de Advocacia,http://advoogadofeliperodrigues.com.br/,Site próprio,,,Já está nas redes
LS Luciane da Silveira Advocacia e Assessoria Jurídica,,,,,Não está nas redes
Contabilidade e Administração - Alberto Moraes,http://www.contabilidademoraes.com.br/,Site próprio,,,Já está nas redes
Digicont - Contabilidade,http://www.digicontcontabil.com.br/,Site próprio,,,Já está nas redes
Casa Contábil,https://tccontabil.com.br/,Site próprio,,,Já está nas redes
Escritório TRANQUILI CONTABILIDADE DIGITAL,https://contranquilidigital.com.br/,Site próprio,,,Já está nas redes
Escap RJ Contabilidade,http://www.instagram.com/rjcontabilidade.oficial,Instagram,http://www.instagram.com/rjcontabilidade.oficial,,Já está nas redes
Metódica Assessoria Contábil,https://www.metodicacontabil.com.br/?utm_source=google&utm_medium=maps&utm_campaign=ficha,Site próprio,,,Já está nas redes
JIREH CONTABILIDADE,,,,,Não está nas redes
SPITZ CONTABILIDADE,,,,,Não está nas redes
Contac Assessoria em Contabilidade,,,,,Não está nas redes
CAMAZ CONTABILIDADE LTDA,,,,,Não está nas redes
ContMax Negócios,https://contmaxnegocios.com.br/,Site próprio,,,Já está nas redes
Serafim Assessoria Contábil e Previdenciária,,,,,Não está nas redes
Renov Assessoria Contábil,https://renovassessoriacontabil.com.br/,Site próprio,,,Já está nas redes
Maia Almeida Soluções Contábeis,,,,,Não está nas redes
Lunah Contabilidade,,,,,Não está nas redes
VTM Contabilidade,https://vtmcontabilidade.com.br/,Site próprio,,,Já está nas redes
Pense Soluções Contábeis - Araruama,https://bio.site/pensesolucoes,Site próprio,,,Já está nas redes
Pires Contabilidade,http://pirescontabilidade.com/,Site próprio,,,Já está nas redes
Machareth Contabilidade,https://www.paivamacharethconsultoria.com.br/,Site próprio,,,Já está nas redes
Ton Contabilidade,,,,,Não está nas redes
HR Contabilidade,,,,,Não está nas redes
RCC Contabilidade,https://www.instagram.com/rcccontabilidade/,Instagram,https://www.instagram.com/rcccontabilidade/,,Já está nas redes
MAR Contabilidade,http://www.marezendecontabilidade.com.br/contato.php,Site próprio,,,Já está nas redes
ESCAP Contabilidade,,,,,Não está nas redes
Escritório De Contabilidade,,,,,Não está nas redes
Íntegra Soluções Contábeis,,,,,Não está nas redes
Rezende Contabilidade e Assessoria Empresarial,,,,,Não está nas redes
Tranquili Contabilidade Digital,https://contranquilidigital.com.br/,Site próprio,,,Já está nas redes
MJ2E Soluções Contábeis Ltda,http://www.mj2econtabilidade.com/,Site próprio,,,Já está nas redes
P&A Contabilidade,,,,,Não está nas redes
ILARIO MACHADO ASSESSORIA ADMINISTRATIVA E CONTÁBIL LTDA,,,,,Não está nas redes
BM Bastos e Motta Contabilidade,,,,,Não está nas redes
"Cristiani Contabilidade, Perícia e Assessoria Contábil",http://www.cristianicontabilidade.online/,Site próprio,,,Já está nas redes
Contab Control,http://www.contabcontrol.com/,Site próprio,,,Já está nas redes
Pintas Contabilidade,http://pintascontabilidade.com.br/,Site próprio,,,Já está nas redes
PARTNER CONTABILIDADE,,,,,Não está nas redes
Lima consultoria,,,,,Não está nas redes
FIDELIS CONTABILIDADE,,,,,Não está nas redes
Arcanjos Contabilidade Eireli,,,,,Não está nas redes
Neves & Dias Soluções Contábeis,https://nevesdiascontabil.com.br/,Site próprio,,,Já está nas redes
Contabilidade Militao,,,,,Não está nas redes
ANALITICA SERVICOS - Contabilidade Fiscal Terceirizada,,,,,Não está nas redes
KM Contábil,,,,,Não está nas redes
Mary Assessoria Contábil,,,,,Não está nas redes
CR Contabilidade,,,,,Não está nas redes
Plan Assessoria Contábil,,,,,Não está nas redes
Allycontei | Contabilidade Digital,,,,,Não está nas redes
Araruama Contabilidade,,,,,Não está nas redes
M L Pinheiro Contabilidade,,,,,Não está nas redes
Contabilidade Magalhães,,,,,Não está nas redes
ACA - Associação dos Contabilistas de Araruama,,,,,Não está nas redes
Mayara Reis - Assessoria Previdenciária Araruama,https://www.instagram.com/reismayara.assessoria/,Instagram,https://www.instagram.com/reismayara.assessoria/,,Já está nas redes
Filippe Nirello - Marketing e Vendas,https://www.instagram.com/filippenirello/,Instagram,https://www.instagram.com/filippenirello/,,Já está nas redes
Kontex Gestão Empresarial,,,,,Não está nas redes
Marcolândia Soares Assessoria Contábil,,,,,Não está nas redes
Sol Contabilidade e Serviços,,,,,Não está nas redes
Certificado Digital Araruama - Resolve Aqui,https://certificadoresolveaqui.com.br/,Site próprio,,,Já está nas redes
FREITAS QUINTES CONSULTORIA TRIBUTÁRIA,,,,,Não está nas redes
Augecon Contadores e Associados,,,,,Não está nas redes
Praiana Materiais de Construção,,,,,Não está nas redes
RIMIL BUILDING MATERIALS LTD,,,,,Não está nas redes
Ello Material de Construção,,,,,Não está nas redes
ARACON Materiais de Construção Ltda,,,,,Não está nas redes
MRQ MATERIAL DE CONSTRUÇÃO/BAZAR,,,,,Não está nas redes
DelRio Atacadão do Piso,,,,,Não está nas redes
ABC da Construção Araruama,https://www.abcdaconstrucao.com.br/diretorio-de-lojas/rio-de-janeiro/araruama/pontinha?utm_source=google&utm_medium=mybusiness&utm_campaign=lp_loja,Site próprio,,,Já está nas redes
Armazem Do Ferro,https://armazemdoferro.com/,Site próprio,,,Já está nas redes
PJota Araruama,http://www.pjotacenter.com.br/,Site próprio,,,Já está nas redes
Materiais de Construção Bom Preço,,,,,Não está nas redes
Loja do Pedreiro Materiais de Construção de Araruama,http://wa.me/5522988743025,Site próprio,,,Já está nas redes
Materiais de Construção hawai,,,,,Não está nas redes
Varejão Material de Construção,,,,,Não está nas redes
KBV DA CONSTRUÇÃO,https://biolink.info/kbvdaconstrucao,Site próprio,,,Já está nas redes
Materiais de Construção Costa do Sol,https://www.facebook.com/costadosol.sol.3,Facebook,,,Já está nas redes
Constrular Material de Construção Araruama,https://wa.me/message/465MNKDGGZ6TN1,Site próprio,,,Já está nas redes
Atacadão Revest Shop - Material de Construção em Araruama RJ,,,,,Não está nas redes
PORTAL DA CONSTRUÇÃO & UTILIDADES,,,,,Não está nas redes
Atacadão da Construção de Praia Seca,,,,,Não está nas redes
Duguedes Materiais de Construção,https://www.instagram.com/duguedes__?igsh=MTUxcTJjZTJ2Y3I2OQ==,Instagram,https://www.instagram.com/duguedes__?igsh=MTUxcTJjZTJ2Y3I2OQ==,,Já está nas redes
Casas Mil,,,,,Não está nas redes
Material de construção,,,,,Não está nas redes
Rincon,,,,,Não está nas redes
Construara Materiais de Construção,,,,,Não está nas redes
Amici Casa,,,,,Não está nas redes
Melf- Materiais de Construção e Laje Pré Moldada,http://www.melfconstru.com.br/araruama,Site próprio,,,Já está nas redes
Cesão Chaveiro,,,,,Não está nas redes
Supergasbras W.R.Lobo comércio de gás LTda,https://supergasar-mx6b5czt.manus.space/,Site próprio,,,Já está nas redes
Floricultura Casa das Flores,,,,,Não está nas redes
Blocok Lagos Paredes Prontas | Artefatos de Cimento,http://www.blocokararuama.com.br/,Site próprio,,,Já está nas redes
Hygge coletivo,,,,,Não está nas redes
Rede Fortaço Araruama l Leão da Construção,,,,,Não está nas redes
Praia do Hospicio -Araruama,,,,,Não está nas redes
Bazar caça e pesca,,,,,Não está nas redes
Leão da Construção Material de Construção,,,,,Não está nas redes
Padaria Amorim,,,,,Não está nas redes
Padaria Favorita de Araruama,,,,,Não está nas redes
Padaria Tropical,,,,,Não está nas redes
Big Pão,,,,,Não está nas redes
Padaria Sabor do Pão,,,,,Não está nas redes
Padaria Ipanema cafe,,,,,Não está nas redes
Padaria e confeitaria Maria clara,,,,,Não está nas redes
Padaria & Confeitaria Park Hotel,,,,,Não está nas redes
Padaria & Confeitaria Saraiva,,,,,Não está nas redes
Padaria e Confeitaria Jorge's,,,,,Não está nas redes
Delight Tortas E Pavês,https://drive.google.com/drive/folders/1D1wcw3HTLWomKhRiURA4pKkzSf0BK3mg,Site próprio,,,Já está nas redes
Nevada Doçaria Araruama,https://www.instagram.com/nevadadocaria?igsh=OWV4ZnlqNWJuOTdt&utm_source=qr,Instagram,https://www.instagram.com/nevadadocaria?igsh=OWV4ZnlqNWJuOTdt&utm_source=qr,,Já está nas redes
Nossa Padaria,,,,,Não está nas redes
Padaria Amorim Outeiro,http://www.padariaamorim.com/,Site próprio,,,Já está nas redes
Padaria e Confeitaria Skina Do Sabor,,,,,Não está nas redes
Padaria e Confeitaria do Bruno,,,,,Não está nas redes
Kit Festas e Confeitaria da Jaque em Araruama,http://deliciasdajaquefestas.com.br/,Site próprio,,,Já está nas redes
Doce Delicia,,,,,Não está nas redes
Divina Padaria Araruama,https://instagram.com/divinapadariarl?igshid=MzRlODBiNWFlZA==,Instagram,https://instagram.com/divinapadariarl?igshid=MzRlODBiNWFlZA==,,Já está nas redes
Brisa Doces,,,,,Não está nas redes
Padaria Mega Pão,,,,,Não está nas redes
Armazém das festas,,,,,Não está nas redes
Atacadão dos Doces,https://instagram.com/atacadao2doces?igshid=YmMyMTA2M2Y=,Instagram,https://instagram.com/atacadao2doces?igshid=YmMyMTA2M2Y=,,Já está nas redes
Padaria Do Careca,,,,,Não está nas redes
Allecrim Conveniência e Padaria,,,,,Não está nas redes
Encanto e Glacê Confeitaria,,,,,Não está nas redes
Fábrica de Bolo Vó Alzira Araruama,https://voalzira.com/lojas/,Site próprio,,,Já está nas redes
Padaria confeitaria Emanuel,,,,,Não está nas redes
Padaria Pão Da Hora,,,,,Não está nas redes
Padaria do Markinhos,,,,,Não está nas redes
Padaria Lagoa Real,,,,,Não está nas redes
Cacau Show - Chocolates,https://www.cacaushow.com.br/,Site próprio,,,Já está nas redes
Padaria e confeitaria Juana Moraes,,,,,Não está nas redes
Universo das delícias,,,,,Não está nas redes
Casa Do Biscoito,https://www.casadobiscoito.com.br/unidades,Site próprio,,,Já está nas redes
Renata Gama Cake designer @renatagama_festas,,,,,Não está nas redes
Padaria celeiro do pão,,,,,Não está nas redes
Padaria Só Benção,,,,,Não está nas redes
Pãozinho,,,,,Não está nas redes
Padaria moraes,,,,,Não está nas redes
Padaria Merceria Flamboyant,,,,,Não está nas redes
Padaria Favorita de Paracatu,,,,,Não está nas redes
Empório Rural,https://www.emporioruralalimentos.com/contato/%20%20%20%20-%20%20%20%20%20%20%20%20fabrica@emporioruralalimentos.com,Site próprio,,,Já está nas redes
Padaria Pão Mineiro,,,,,Não está nas redes
Padaria e Confeitaria Marins,,,,,Não está nas redes
Bolos Nobres Atelier,,,,,Não está nas redes
Oliver's Pizza - Araruama,https://accon.ai/olivers-pizza-araruama,Site próprio,,,Já está nas redes
Pizzaria Na Lenha,,,,,Não está nas redes
Fiume Nero Pizzeria,,,,,Não está nas redes
Vergato Pizzaria Araruama,https://vg.pedido.app.br/,Site próprio,,,Já está nas redes
Tacoà pizzeria,https://www.instagram.com/tacoa.pizzeria?igsh=YTE5d2NhdXU5YmZy,Instagram,https://www.instagram.com/tacoa.pizzeria?igsh=YTE5d2NhdXU5YmZy,,Já está nas redes
Forno de Nápoles - Pizzaria Italiana em Araruama,https://www.fornodenapoles.com.br/,Site próprio,,,Já está nas redes
Lievità Pizzeria da Lagoa,https://www.lievitapizzeria.com.br/?utm_source=google&utm_medium=organic&utm_campaign=gbp,Site próprio,,,Já está nas redes
Domino's Pizza Araruama,https://www.dominos.com.br/pages/order/#!/locations/search/?type=Carryout&City=ARARUAMA&Region=RJ&PostalCode=&g=1&wasChangedByUser=false&isOrderStarted=false&ignoreWarnings=true,Site próprio,,,Já está nas redes
Pizzaria Araruama,,,,,Não está nas redes
Pizzaria - Otto Pizzas em Araruama,https://pedidoottopizzaria.ccmpedidoonline.com.br/,Site próprio,,,Já está nas redes
Hummm! Pizzas - Araruama,https://deliverydireto.com.br/hummmpizzas/araruama?dd=from-brand&dd=menu,Site próprio,,,Já está nas redes
Da Pietro cantina italiana,,,,,Não está nas redes
Rodney Colonial Pizza,https://pedir.delivery/app/rodneycolonial/menu,Site próprio,,,Já está nas redes
Pizzaria da Gigi,https://biolink.info/pizzariagigi,Site próprio,,,Já está nas redes
So pizzas,,,,,Não está nas redes
Pancho Pizzas,,,,,Não está nas redes
Bittenca's Pizzas,,,,,Não está nas redes
Jireh Pasteis e Lanches,,,,,Não está nas redes
Pizzaria Grão de Mostarda em Araruama-rj,,,,,Não está nas redes
Bueno Esfiharia,,,,,Não está nas redes
FM PIZZARIA E LANCHONETE,,,,,Não está nas redes
Dínamus Pizzaria,https://instagram.com/dinamuspizzariaoficial,Instagram,https://instagram.com/dinamuspizzariaoficial,,Já está nas redes
Monarca’S Pizzas,http://monarcaspizzas.menudino.com/,Site próprio,,,Já está nas redes
Steve Pizza Araruama,,,,,Não está nas redes
Fetelli Pizzaria Delivery,https://nosweat.click/pt/preview/debe5588-28df-4293-8314-ac3841e724ea,Site próprio,,,Já está nas redes
Pizza do Rão,https://gruporao.com.br/,Site próprio,,,Já está nas redes
Pizzaria ibiza,,,,,Não está nas redes
MITUS Delivery - PIZZARIA & HAMBURGUERIA,https://mituspizzaria.alloy.al/loja/pedidos,Site próprio,,,Já está nas redes
Pizzaria do Markinhos,,,,,Não está nas redes
Delivery da Casa (Pizza Quadrada),,,,,Não está nas redes
Restaurante & Pizzaria Paladaz,,,,,Não está nas redes
Patrono's Pizza,https://pedido.anota.ai/loja/patronos-pizza-loja-02?f=msa&fbclid=PAZXh0bgNhZW0CMTEAAadkPTHaUy4en9BhVwScXlnsm7J5gzCW2J39cvvq4zx6WEXcpU_4Kv_5yHXDAA_aem_4KYoLXfytlLMSGj2mH0xSw,Site próprio,,,Já está nas redes
PIZZAS e LANVHES PIVANTI,,,,,Não está nas redes
Vicenzo pizza Araruama,,,,,Não está nas redes
Pizzaria Capizzi,https://www.facebook.com/capizzipizzaria,Facebook,,,Já está nas redes
D'BRANCA PIZZAS DELIVERY,,,,,Não está nas redes
Pizzaria das Galáxias,,,,,Não está nas redes
Restaurante La Toscana,,,,,Não está nas redes
Amarelinho da Vila Capri ( Bar do Nelsão),,,,,Não está nas redes
Nogueira's Pizzas,,,,,Não está nas redes
100 Limite Arte & Cultura,https://app.anota.ai/pizzaria100limite,Site próprio,,,Já está nas redes
Recanto Dona Carolina,https://www.instagram.com/recantodonacarolina?r=nametag,Instagram,https://www.instagram.com/recantodonacarolina?r=nametag,,Já está nas redes
OLHUDOS | Hamburgueria,https://olhudosburguers.com.br/olhudos_burguers,Site próprio,,,Já está nas redes
Restaurante Recanto da Tainha,,,,,Não está nas redes
Armazém do Camarão,,,,Instagram não detectado,Não está nas redes
Vó Nair Pastelaria,https://vonairpastelaria.menudino.com/,Site próprio,,,Já está nas redes
mashi,,,,,Não está nas redes
Restaurante Container Aconchego,,,,,Não está nas redes
Restaurante Tempero Mineiro,,,,Sim,Não está nas redes
Restaurante nosso cantinho - ilha do japonês Cabo frio,,,,Sim,Não está nas redes
Casa Dos Sucos Açaí,,,,,Não está nas redes
DIVINO SABOR,,,,,Não está nas redes
Bira Bar e Restaurante,https://instagram.com/birabarerestaurante?igshid=YmMyMTA2M2Y=,Instagram,https://instagram.com/birabarerestaurante?igshid=YmMyMTA2M2Y=,,Já está nas redes
Lanchonete Cantinho da Vânia,https://www.facebook.com/Lanchonete-Cantinho-Da-V%C3%A2nia-100473468599720,Facebook,,,Já está nas redes
Hamburgueria comilão spa,,,,,Não está nas redes
Faceburguer conveniência,,,,,Não está nas redes
Mc Lanches / X Tudo Hambúrguer Batata Frita açaí refrig. (Lanchonete do Mauricio).lanche . Hamburgueria . Acai .lanchonete.,,,,,Não está nas redes
FaceBurguer Lanches,,,,,Não está nas redes
Estrela Burguer,https://www.instagram.com/estrelaburgueroficial?igsh=MXN5Z2x5cWFlNzBi,Instagram,https://www.instagram.com/estrelaburgueroficial?igsh=MXN5Z2x5cWFlNzBi,,Já está nas redes
Lanchonete Bom Gosto,,,,,Não está nas redes
Don Leal Gelateria,,,,,Não está nas redes
G10 Lanches,https://instagram.com/g10lanchess?igshid=th4uzf7ta7zx,Instagram,https://instagram.com/g10lanchess?igshid=th4uzf7ta7zx,,Já está nas redes
Adria Lanches,,,,Sim,Não está nas redes
Ribeiro's churrasquinho,,,,Instagram não detectado,Não está nas redes
Beto PB,,,,Instagram não detectado,Não está nas redes
Club do Açaí,https://instagram.com/oclubdoacaii?igshid=MzRlODBiNWFlZA==,Instagram,https://instagram.com/oclubdoacaii?igshid=MzRlODBiNWFlZA==,,Já está nas redes
Emily Leal Beauty,,,,,Não está nas redes
Duetto Esmalteria e Beleza,,,,,Não está nas redes
Isadora Guimarães Nails Designer,https://wa.me/5522981269319?text=Vim%20pelo%20google!%20Quero%20agendar%20o%20meu%20hor%C3%A1rio,Site próprio,,,Já está nas redes
Salão de Beleza CM,https://www.instagram.com/salao_de_beleza_cm?igsh=eWFnMWR3NTgxbHRs&utm_source=qr,Instagram,https://www.instagram.com/salao_de_beleza_cm?igsh=eWFnMWR3NTgxbHRs&utm_source=qr,,Já está nas redes
Studio Sarah Mesquita Designer de Sobrancelhas,,,,,Não está nas redes
Studio Michele Garcia,,,,,Não está nas redes
Studio La'bella,,,,,Não está nas redes
"Rosiane Aquino | Mega Hair com Terapia Capilar, Salão SPA em São Pedro da Aldeia e Cabo Frio",https://www.instagram.com/rosiane__aquino/,Instagram,https://www.instagram.com/rosiane__aquino/,,Já está nas redes
LUDMILA RODRIGUES CONCEPT HAIR,https://lisopremium.ludmilarodrigues.com.br/,Site próprio,,,Já está nas redes
Espaço de beleza Aline araujo,,,,,Não está nas redes
Studio Allan Costa,,,,Sim,Não está nas redes
Essência Feminina Studio de Beleza,,,,Sim,Não está nas redes
Salão de Beleza Amoras Concept São Pedro Da Aldeia,https://www.instagram.com/amorascrocherj,Instagram,https://www.instagram.com/amorascrocherj,,Já está nas redes
Salão Erika Starling Hair,,,,,Não está nas redes
Luciene Beauty Studio,https://www.instagram.com/lucienebeautystudio?igsh=MWNoMGZuNTc5Mzg3Mg==&utm_source=qr,Instagram,https://www.instagram.com/lucienebeautystudio?igsh=MWNoMGZuNTc5Mzg3Mg==&utm_source=qr,,Já está nas redes
ESPAÇO LÍLIA DIAN,,,,,Não está nas redes
Salão Juliana Gabri,,,,Sim,Não está nas redes
Estilo natural - cuidados pessoais,,,,Instagram não detectado,Não está nas redes
Salao atelier das unhas,,,,,Não está nas redes
Califórnia Barber Shop 22,,,,,Não está nas redes
2D Barbearia,,,,Instagram não detectado,Não está nas redes
Razori Barbearia,https://razoribarbearia.com/,Site próprio,,,Já está nas redes
Castello Forte Barbearia,http://cashbarber.com.br/castelloforte,Site próprio,,,Já está nas redes
Barbearia Espaço M,,,,,Não está nas redes
Barbearia em Cabo Frio | Corte e Arte,https://sites.appbarber.com.br/barbeariacortee-91ie,Site próprio,,,Já está nas redes
Estação barbershop,https://www.instagram.com/celinhobarber?igsh=MWRwcWgzOHZ2OGFyZg==,Instagram,https://www.instagram.com/celinhobarber?igsh=MWRwcWgzOHZ2OGFyZg==,,Já está nas redes
Dellatorre Barbearia,https://www.instagram.com/adellatorrebarbearia?igsh=Mm01Yjk4NDd0Mm8x,Instagram,https://www.instagram.com/adellatorrebarbearia?igsh=Mm01Yjk4NDd0Mm8x,,Já está nas redes
Barbearia do Éder,,,,Sim,Não está nas redes
BARBEARIA 91,http://www.facebook.com/barbearia91/,Facebook,,,Já está nas redes
Barbearia do Jordan,,,,,Não está nas redes
Felipe Barbershop e Giovana Helena Nail designer,,,,,Não está nas redes
Barbearia Thomaz Santos,,,,,Não está nas redes
Barbearia Balieiro,,,,,Não está nas redes
Barbearia Falco | Corte por Assinatura em Cabo Frio,https://barbeariafalco.com.br/,Site próprio,,,Já está nas redes
BR BARBEARIA,https://sites.appbarber.com.br/brbarbearia-y78j,Site próprio,,,Já está nas redes
Pedro Motta Barbershop,https://agendaservico.com/pedromottabarbershop?vim=,Site próprio,,,Já está nas redes
Julio Nascimento barbearia,https://sites.appbarber.com.br/agendamento/julionascimento-iml2,Site próprio,,,Já está nas redes
Barbearia Fidelity,http://cashbarber.com.br/barbeariafidelity,Site próprio,,,Já está nas redes
Orion barbearia,https://instagram.com/hbb.arbearia?utm_medium=copy_link,Instagram,https://instagram.com/hbb.arbearia?utm_medium=copy_link,,Já está nas redes
Mt Barbearia,,,,Instagram não detectado,Não está nas redes
TARCISO BARBERSHOP 4,,,,,Não está nas redes
BarberAreia,https://cashbarber.com.br/BarberAreia,Site próprio,,,Já está nas redes
Barbearia studio Cartaotijera,https://linktr.ee/barbeariacartaotijera,Site próprio,,,Já está nas redes
Miguel Alves Barbershop - Barbearia em Cabo Frio.,https://linkbio.co/ContatoMiguelAlves,Site próprio,,,Já está nas redes
Barbearia Gabriel Tavares,https://instagram.com/barbeariatavares.cf,Instagram,https://instagram.com/barbeariatavares.cf,,Já está nas redes
Barbearia do Douglas CF,,,,,Não está nas redes
Barbearia Luís Fernando,,,,,Não está nas redes
Barbearia Souza's,,,,,Não está nas redes
Barbearia O Rústico,,,,Instagram não detectado,Não está nas redes
Amarelinho cortes,,,,,Não está nas redes
Barbearia Souza,,,,,Não está nas redes
Barreto Barbearia,,,,,Não está nas redes
Barreto,,,,Sim,Não está nas redes
Barbearia Leonardo Lima,,,,,Não está nas redes
Mendes Barbearia | Cabo Frio,https://apnt.app/mendes_barbearia,Site próprio,,,Já está nas redes
CLUBE DO ZECA BARBEARIA,,,,,Não está nas redes
Tarciso Barbershop - Pôrto Alegre,https://www.instagram.com/laercio.alves.barber?igsh=MWJ0dTh4bW9jcHFlMA==,Instagram,https://www.instagram.com/laercio.alves.barber?igsh=MWJ0dTh4bW9jcHFlMA==,,Já está nas redes
Torre Forte Barbearia,,,,,Não está nas redes
Barbearia do Rangel | Cabo Frio,,,,,Não está nas redes
Cabelinho Barbershop,,,,Instagram não detectado,Não está nas redes
DINIZ BARBEARIA,https://sites.appbarber.com.br/agendamento/studiohd-as1t,Site próprio,,,Já está nas redes
"Barbearia Barba, Cabelo e Bigode",,,,Instagram não detectado,Não está nas redes
Barbearia NO DETALHE - Cabo Frio RJ,,,,,Não está nas redes
Barbearia espaço M,,,,Sim,Não está nas redes
Barbearia em Cabo Frio | Seu Beca,https://sites.google.com/view/seu-beca,Site próprio,,,Já está nas redes
Barbearia T.H,,,,,Não está nas redes
Rafa Barber,,,,Sim,Não está nas redes
Don Cruz Barbearia,https://sites.appbarber.com.br/doncruz-7ivw,Site próprio,,,Já está nas redes
Barbearia Biel Du Corte,,,,,Não está nas redes
Júlio Bacelar Barber Shop,https://www.facebook.com/JulioBacelarBarberShop?mibextid=ZbWKwL,Facebook,,,Já está nas redes
Barber Shop By Paulo Robbert,https://bio.site/barbeariaboulevard?fbclid=PAAaYHr0Z8hlAe4lSoPsbxr5DF-Pll8W5sUTK3DECWMlXKaH-yCnGkqAtoTMU_aem_ATxLvc6UgLqhq5USOSuVGeEZZL3umdggt5yw8i_rXWZ56WASflhYj9B0Bp5HV30Auxg,Site próprio,,,Já está nas redes
Prime barbershop,,,,,Não está nas redes
Elite Barbearia,https://www.instagram.com/elite_barbeariacf?igsh=YmkzaWw2bnhtc2Fx,Instagram,https://www.instagram.com/elite_barbeariacf?igsh=YmkzaWw2bnhtc2Fx,,Já está nas redes
BR BARBEARIA 2,,,,,Não está nas redes
Ímpar Barba e Mais | Barbearia em Cabo Frio,https://linktr.ee/imparbarbaemais,Site próprio,,,Já está nas redes
Salvatore Barbearia,,,,,Não está nas redes
Barbearia Thiago Nunes Barbier,https://www.instagram.com/thiagonunesbarber/,Instagram,https://www.instagram.com/thiagonunesbarber/,,Já está nas redes
Barbearia coelho,https://www.instagram.com/coellhobarber?igsh=MTYxMTVwZjhrNHhoZw==,Instagram,https://www.instagram.com/coellhobarber?igsh=MTYxMTVwZjhrNHhoZw==,,Já está nas redes
CR Barber,,,,,Não está nas redes
Barbearia 01,https://www.instagram.com/cayllon01docortt?igsh=MW80OXdjZWVyejd1Mg==,Instagram,https://www.instagram.com/cayllon01docortt?igsh=MW80OXdjZWVyejd1Mg==,,Já está nas redes
Barbearia Stillus,,,,,Não está nas redes
Barbearia Régua Máxima,,,,Sim,Não está nas redes
BarberV,,,,Instagram não detectado,Não está nas redes
Barbearia da principal,,,,,Não está nas redes
Black Barber Do2 MM,,,,,Não está nas redes
Garagem do Corte 2.0,,,,Instagram não detectado,Não está nas redes
Barbearia do DG💈,,,,Sim,Não está nas redes
Régua máxima Barbearia - BSJ,,,,Instagram não detectado,Não está nas redes
ZauzzaBarber,,,,,Não está nas redes
Navalhas Barbearia,https://www.instagram.com/navalhasbarbeariacf,Instagram,https://www.instagram.com/navalhasbarbeariacf,,Já está nas redes
Barbearia Guimarães,,,,,Não está nas redes
Salão & Barbearia Elegância,,,,Instagram não detectado,Não está nas redes
Studio JB Barbearia,,,,,Não está nas redes
Barbearia dos irmaos,,,,Instagram não detectado,Não está nas redes
Barbearia M18 - Barbearia em Cabo Frio,,,,,Não está nas redes
Barbearia Vn do Corte,https://www.instagram.com/vn.docoorte/,Instagram,https://www.instagram.com/vn.docoorte/,,Já está nas redes
Barbearia Borges,,,,,Não está nas redes
Barbearia Binho do Corte,,,,,Não está nas redes
Assuerio Barbershop,,,,Instagram não detectado,Não está nas redes
G.B.barber,,,,,Não está nas redes
Navalha de ouro,,,,,Não está nas redes
Barbearia Tavinho do Corte,https://www.instagram.com/docorti?igsh=MmV1MmN5ZnVrbGM=,Instagram,https://www.instagram.com/docorti?igsh=MmV1MmN5ZnVrbGM=,,Já está nas redes
Barbearia do Eco,,,,Instagram não detectado,Não está nas redes
Academia Vitality Fitness,https://instagram.com/academiavitalitycf?igshid=OGQ2MjdiOTE=,Instagram,https://instagram.com/academiavitalitycf?igshid=OGQ2MjdiOTE=,,Já está nas redes
CT Salaibe,https://www.instagram.com/ct_salaibe,Instagram,https://www.instagram.com/ct_salaibe,,Já está nas redes
Studio Bela Forma,https://www.instagram.com/studiobelaforma_?igsh=MWZ0NHoxcmt6eG1nMA==,Instagram,https://www.instagram.com/studiobelaforma_?igsh=MWZ0NHoxcmt6eG1nMA==,,Já está nas redes
Clinica SLFisio,https://www.instagram.com/clinicaslfisio?igsh=a3VvZXhlZTAxN3Yz,Instagram,https://www.instagram.com/clinicaslfisio?igsh=a3VvZXhlZTAxN3Yz,,Já está nas redes
Studio A&C Fisio e Pilates,,,,,Não está nas redes
Studio de Pilates MoveMente,,,,,Não está nas redes
Área de treino casa,,,,,Não está nas redes
Ultra Academia Cabo Frio,https://ultraacademia.com.br/index.php?AC=Unidade&a1=29,Site próprio,,,Já está nas redes
Studio De Dança VT Viviane Teixeira,https://instagram.com/studiovt_oficial?igshid=MmU2YjMzNjRlOQ==,Instagram,https://instagram.com/studiovt_oficial?igshid=MmU2YjMzNjRlOQ==,,Já está nas redes
Equipe WRT São Pedro da Aldeia - Jiu-Jitsu & Defesa Pessoal,,,,,Não está nas redes
Associação de Artes Marciais,,,,,Não está nas redes
Upgrade Fitness Center,,,,,Não está nas redes
Aloha Roupas Fitness e lifestyle,https://www.instagram.com/use_alohasports/,Instagram,https://www.instagram.com/use_alohasports/,,Já está nas redes
Arandu- Centro de treinamento físico,https://bio.site/ARANDU.CT,Site próprio,,,Já está nas redes
Elite Academia,,,,Sim,Não está nas redes
Body Club Fitness Academia,https://bodyclubfitness.com.br/,Site próprio,,,Já está nas redes
Academia Mega Fitness,https://www.instagram.com/megafitness_pro/profilecard/?igsh=MXZtd2NpcjJnM3M4Mw==,Instagram,https://www.instagram.com/megafitness_pro/profilecard/?igsh=MXZtd2NpcjJnM3M4Mw==,,Já está nas redes
Academia Iron Fox Sport Center,,,,Instagram não detectado,Não está nas redes
Academia Rose Fit,,,,Instagram não detectado,Não está nas redes
CT PROPÓSITO Stúdio de musculação,https://wa.me/message/MBHYORRFVWWBI1,Site próprio,,,Já está nas redes
Academia Pública,,,,,Não está nas redes
Overcoming Wellness Center,,,,Sim,Não está nas redes
Fábrica de Monstros CT Cabo Frio,https://evo-totem.w12app.com.br/fabricademonstrosct/25/site/qsLvUg5wEVoMtHu1eY0K4w%5BEQUAL%5D%5BEQUAL%5D,Site próprio,,,Já está nas redes
Nova União Cabo Frio,https://ctnovauniaocabofrio.com.br/,Site próprio,,,Já está nas redes
Academia Império Fit,,,,Instagram não detectado,Não está nas redes
Shark Suplementos São Pedro RJ,,,,Sim,Não está nas redes
CT Resilience,,,,Sim,Não está nas redes
Praia Center Academia,https://www.instagram.com/praiacenter/,Instagram,https://www.instagram.com/praiacenter/,,Já está nas redes
Academia Gate Gym,https://www.facebook.com/gate.gym.9/,Facebook,,,Já está nas redes
CT PAULO MASSANA,http://beacons.ai/ctpaulomassana,Site próprio,,,Já está nas redes
Aster Fit,,,,,Não está nas redes
Academia Queiroz & Forma,,,,,Não está nas redes
NEW GARAGE,,,,,Não está nas redes
Clínica Fisioterapia e Pilates - Pollyanna Guimarães,https://www.pollyannaguimaraes.com.br/,Site próprio,,,Já está nas redes
SINE QUA NON,,,,Instagram não detectado,Não está nas redes
Equipe De Jiu Jitsu Estrela De Davi,,,,,Não está nas redes
CENTRO DE TREINAMENTO ARENA FIGHT,,,,Instagram não detectado,Não está nas redes
Escola de natação Água Viva,,,,,Não está nas redes
Fisio Gold,,,,,Não está nas redes
"Escola De Jiu-Jitsu ""New Fighter Team.""",https://www.instagram.com/santiagocimentobjj/,Instagram,https://www.instagram.com/santiagocimentobjj/,,Já está nas redes
Mega Planet Academia Jardim Esperança - Cabo Frio,https://megaplanet.aproveseusite.com.br/,Site próprio,,,Já está nas redes
Superação Wellness Center,http://superacaowc.com.br/,Site próprio,,,Já está nas redes
Crossbox zeus,,,,Instagram não detectado,Não está nas redes
Capoeira Auê - Mestre Alcino,https://m.facebook.com/Alcino-Capoeira_-Oficial-257077678324894/,Facebook,,,Já está nas redes
EFFITNESS STUDIO,,,,,Não está nas redes
"Kwan Taekwon-do Tradicional - São Pedro da Aldeia, Botafogo",https://www.taekwondoitf.com.br/,Site próprio,,,Já está nas redes
Nutricionista Laila Muniz,https://www.instagram.com/lailamuniznutri/,Instagram,https://www.instagram.com/lailamuniznutri/,,Já está nas redes
Diagnolab,http://www.diagnolab.com.br/,Site próprio,,,Já está nas redes
AC GESTÃO FILIAL LAGOS,http://acgestaosms.com.br/,Site próprio,,,Já está nas redes
Clínica estética celia santos,,,,,Não está nas redes
Psicóloga em São Pedro da Aldeia | Israelly Beirão - Terapia em São Pedro da Aldeia - RJ | Sessão presencial e online,https://israellybeirao.com.br/agendar-terapia/,Site próprio,,,Já está nas redes
Centro Médico Clinerp Cabo Frio,https://clinerp.com.br/,Site próprio,,,Já está nas redes
Ciambarella Cirurgia Plástica e Odontologia Estética,,,,,Não está nas redes
CLINAD – Diagnóstico e Tratamento Especializados | São Pedro da Aldeia,https://clinad.com.br/,Site próprio,,,Já está nas redes
Pro Life Clinic,https://www.providacabofrio.com.br/,Site próprio,,,Já está nas redes
Clinerp,https://www.clinerp.com.br/,Site próprio,,,Já está nas redes
Charme Bijuterias Prime,,,,,Não está nas redes
Dr.Alexandre Saavedra,,,https://www.instagram.com/dralexandresaavedra/,Não,Já está nas redes
Orales Odontologia,,,,,Não está nas redes
Consultório odontológico,,,,,Não está nas redes
"Dr. Thiago Moreira Andrade, Dentista",https://www.doctoralia.com.br/thiago-moreira-andrade/dentista/cabo-frio?utm_source=google&utm_medium=gmb&utm_campaign=793453&utm_content=website,Site próprio,,,Já está nas redes
Clínica Brasil Sem Alergia - São Pedro da Aldeia - Região dos Lagos RJ,https://www.brasilsemalergia.com.br/96-clinicas/7171-novidade-na-regiao-dos-lagos,Site próprio,,,Já está nas redes
Zeus Odontologia,,,,Instagram não detectado,Não está nas redes
ProCão Pet,,,,Instagram não detectado,Não está nas redes
Porto das Rações,,,,,Não está nas redes
Casa do Pet,,,,,Não está nas redes
Multiverso pet,,,,,Não está nas redes
Quatro Patas - Casa de Ração,https://www.instagram.com/qppatas/,Instagram,https://www.instagram.com/qppatas/,,Já está nas redes
Pet Shop Mole Pra Cachorro,https://www.instagram.com/molepracachorroarraial_oficial/,Instagram,https://www.instagram.com/molepracachorroarraial_oficial/,,Já está nas redes
Aldeia pet,,,,,Não está nas redes
"Nutrimais I Pet Shop, Rações, Agropecuária I Pet Shop em Iguaba Grande, RJ.",https://sites.google.com/view/nutrimaispetshop/p%C3%A1gina-inicial,Site próprio,,,Já está nas redes
Dog Pet Banho E Tosa,,,,,Não está nas redes
Peixolandia Peixes Ornamentais,https://peixolandia.com.br/,Site próprio,,,Já está nas redes
Casa de ração dog show,https://www.instagram.com/dog_show_bg?igsh=dzR4dHdsOXp6bzY%3D&utm_source=qr,Instagram,https://www.instagram.com/dog_show_bg?igsh=dzR4dHdsOXp6bzY%3D&utm_source=qr,,Já está nas redes
PetStyle,,,,,Não está nas redes
Pet by Pets Centro de estética animal,,,,,Não está nas redes
PET STYLE,,,,,Não está nas redes
Ponto Pet Banho & Tosa,,,,,Não está nas redes
Aldeia dos Pets Pet Shop rações e farmácia veterinária,https://atom.bio/aldeiapets,Site próprio,,,Já está nas redes
Banho e tosa NATALIA GOULART,,,,,Não está nas redes
Pet Shop Pelos e Patas unidade Porto Alegre,,,,Instagram não detectado,Não está nas redes
Pet da Mel - Pet Shop/Casa de ração Cabo Frio,https://instagram.com/petda_mel?igshid=YmMyMTA2M2Y=,Instagram,https://instagram.com/petda_mel?igshid=YmMyMTA2M2Y=,,Já está nas redes
Kikão Petshop,,,,Instagram não detectado,Não está nas redes
Pet Shop Cabo Frio/Pet&Gatô,,,,Sim,Não está nas redes
"Papa Pet - Pet Shop | Banho e Tosa, Rações e Acessórios",https://wa.me/5522981489335,Site próprio,,,Já está nas redes
Petiquê Pet Shop,https://www.instagram.com/petiquecabofrio/?igsh=d2JqenVtZnplZGNn&utm_source=qr,Instagram,https://www.instagram.com/petiquecabofrio/?igsh=d2JqenVtZnplZGNn&utm_source=qr,,Já está nas redes
Empório das Rações Pet Shop,https://www.instagram.com/emporio_racao/?hl=pt-br,Instagram,https://www.instagram.com/emporio_racao/?hl=pt-br,,Já está nas redes
Rações e Cia Itajuru,https://www.facebook.com/racoeseciacabofrio/,Facebook,,,Já está nas redes
Bazar e Rações Vitória,https://www.instagram.com/gildogracoes/,Instagram,https://www.instagram.com/gildogracoes/,,Já está nas redes
"LIPPE DOG RAÇÕES, BAZAR e CONVENIÊNCIA",https://instagram.com/lippedogracoes?utm_medium=copy_link,Instagram,https://instagram.com/lippedogracoes?utm_medium=copy_link,,Já está nas redes
MIMO'S PET Banho e Tosa,,,,,Não está nas redes
Canto da Serra rações e acessórios,,,,Sim,Não está nas redes
Aldeia Dos Pets,,,,,Não está nas redes
Agropecuária Rb,,,,,Não está nas redes
Rações e Bazar Guimarães,,,,,Não está nas redes
Canto das Aves de São Pedro da Aldeia,,,,,Não está nas redes
Cat & Dog,,,,,Não está nas redes
Rancho Animal,,,,,Não está nas redes
LULU PET SHOP,,,,,Não está nas redes
Pet shop pelos e patas,,,,,Não está nas redes
Veterinária Porto Do Carro,,,https://www.instagram.com/veterinariaportodocarro/,Não,Já está nas redes
Rancho Animal Pet Shop,,,,,Não está nas redes
Alcateia pet house,,,,Instagram não detectado,Não está nas redes
Lagos Pet Lar | Pet Sitter - Babá de Pet - Passeadora de Cães - Dog Waker - Creche para Cães - Hospedagem Pet,https://api.whatsapp.com/send?phone=5521995363609&text=Ol%C3%A1!%20Cheguei%20pelo%20Google%20e%20tenho%20interesse%20em%20saber%20mais%20sobre%20os%20servi%C3%A7os%20da%20Lagos%20Pet%20Lar!%20%F0%9F%90%B1%20%F0%9F%90%B6,Site próprio,,,Já está nas redes
VALF,https://www.valf.com.br/,Site próprio,,,Já está nas redes
De Lenne ''MUITO LUPO'',https://www.instagram.com/delenneluposaopedro/,Instagram,https://www.instagram.com/delenneluposaopedro/,,Já está nas redes
Barcelos Multimarcas,https://instagram.com/multimarcasbarcelos?utm_medium=copy_link,Instagram,https://instagram.com/multimarcasbarcelos?utm_medium=copy_link,,Já está nas redes
Moda Atual,,,,,Não está nas redes
Rouparia Brechó,http://linktr.ee/roupariabrecho,Site próprio,,,Já está nas redes
São Pedro Da aldeia RJ,,,,,Não está nas redes
Misamores,https://instagram.com/misamores8790?igshid=YmMyMTA2M2Y=,Instagram,https://instagram.com/misamores8790?igshid=YmMyMTA2M2Y=,,Já está nas redes
Lu Modas,,,,,Não está nas redes
Super Fricarnes Supermercado,http://superfricarnes.com.br/,Site próprio,,,Já está nas redes
Market and Bakery It All,,,,,Não está nas redes
Redeconomia Princesa Supermercados Cabo Frio 2,https://www.princesasupermercados.com.br/,Site próprio,,,Já está nas redes
Mercado Moreira,,,,,Não está nas redes
Mercado Guimarães,,,,,Não está nas redes
Casa Barros Alimentos,,,,,Não está nas redes
Super Grão,http://supermercadopredileto.com.br/,Site próprio,,,Já está nas redes
Mercado Super Preço,http://instagram.com/superprecocabofrio,Instagram,http://instagram.com/superprecocabofrio,,Já está nas redes
Supermercado Favorito,,,,,Não está nas redes
Mercadinho Ki - Delicia,,,,,Não está nas redes
Multi Atacadão,,,,Sim,Não está nas redes
Mega Brasil,,,,,Não está nas redes
Diano Supermarket,,,,Sim,Não está nas redes
Extra Market,https://www.clubeextra.com.br/,Site próprio,,,Já está nas redes
Supermercados Carone - Cabo Frio,http://www.carone.com.br/,Site próprio,,,Já está nas redes
Supermarkets Princess,https://www.princesasupermercados.com.br/,Site próprio,,,Já está nas redes
Supermercado Tem Frutas,,,https://www.instagram.com/superterefrutassaopedro/,Não,Já está nas redes
Redeconomia Princesa Supermercados Cabo Frio 3 (Centro),http://www.princesasupermercados.com.br/,Site próprio,,,Já está nas redes
Supermarket,https://www.redesupermarket.com.br/,Site próprio,,,Já está nas redes
Mercado do Bairro Baleia,,,,,Não está nas redes
Supermercado Super Dona,,,,Instagram não detectado,Não está nas redes
Mercado Dom Lourenço,,,,Instagram não detectado,Não está nas redes
MERCADO MARINHO,,,,Instagram não detectado,Não está nas redes
Mercado Atlântico Cabo Frio 2,https://www.instagram.com/mercadoatlantico/,Instagram,https://www.instagram.com/mercadoatlantico/,,Já está nas redes
Mercado El Shaday,,,,,Não está nas redes
ValleMar Mercado - Peró,https://instagram.com/mercadovallemar,Instagram,https://instagram.com/mercadovallemar,,Já está nas redes
Green Fruit,http://www.greenfruitbrasil.com/,Site próprio,,,Já está nas redes
DISTRIBUIDORA AMIGAOZAO,,,,,Não está nas redes
MERCADO Oliveira,,,,,Não está nas redes
MERCEARIA DO BAIRRO,,,,,Não está nas redes
Mercado Atlântico,,,,,Não está nas redes
MERCADO GUIMARÃES,http://bit.ly/3SpwWQX,Site próprio,,,Já está nas redes
Mercearia do Kito,,,,Instagram não detectado,Não está nas redes
Formiguinha Arteira Doces Personalizados,https://instagram.com/formiguinhaarteira,Instagram,https://instagram.com/formiguinhaarteira,,Já está nas redes
Talo Distribuidora,,,,,Não está nas redes
DISTRIBUIDORA Pai & Filho,,,,Sim,Não está nas redes
CEASP Centro de Abastecimento São Pedro da Aldeia,https://www.ceasp.com.br/,Site próprio,,,Já está nas redes
Via do Sabor Hortifruti,https://meucomercio.com.br/viadosabor,Site próprio,,,Já está nas redes
People's Market,,,,,Não está nas redes
Mercado Ponto Certo LTDA,http://www.facebook.com.br/mercadopontocerto716,Facebook,,,Já está nas redes
Mercearia Da Ria Paty,,,,,Não está nas redes
SRJ9 - Base Mercado Livre - São Pedro da Aldeia,,,,,Não está nas redes
Hortifruti Serra e Mar,,,,Instagram não detectado,Não está nas redes
Condominium Solar dos Cantarinos,,,,,Não está nas redes
Condomínio Portal Vila dos Ventos,,,,,Não está nas redes
Rosane Castilho Imóveis,https://www.rosanecastilhoimoveis.com.br/,Site próprio,,,Já está nas redes
Condomínio Casamares,https://dwelltopbr.cfd/condominio-casamares-318klo,Site próprio,,,Já está nas redes
Condominio Reviver I,,,,,Não está nas redes
Marina Temporada,https://www.marinatemporada.com/?gb,Site próprio,,,Já está nas redes
locação de imóveis,,,,Instagram não detectado,Não está nas redes
Casa São Pedro da Aldeia,,,https://www.instagram.com/casa_sao_pedro_da_aldeia/,Não,Já está nas redes
Condomínio Moinhos D'Aldeia,,,,,Não está nas redes
Elite Imóveis,https://www.eliteimoveisrl.com.br/,Site próprio,,,Já está nas redes
Condominium ANCHOR VILLA,,,,,Não está nas redes
Arruda Imóveis,http://www.arrudaimoveisrjspa.com.br/,Site próprio,,,Já está nas redes
Marcus Vinicius do Nascimento Ribeiro,https://www.imobiliariamvr.com.br/,Site próprio,,,Já está nas redes
FC Imóveis Região dos Lagos,,,,Instagram não detectado,Não está nas redes
GF Consultoria Imobiliária - CRECI/RJ 12304,https://www.gfconsultoriaimobiliaria.com.br/,Site próprio,,,Já está nas redes
Condomínio Cruzeiro,,,,,Não está nas redes
Portal Aluguel Fixo,,,,,Não está nas redes
Casa de Praia,,,,,Não está nas redes
B&C Resolve Imobiliária,,,,,Não está nas redes
Condominio Chico Estevão,,,,Instagram não detectado,Não está nas redes
MM Imóveis Cabo Frio,http://mmimoveiscabofrio.com.br/,Site próprio,,,Já está nas redes
BeC Resolve Empreendimentos Imobiliários,http://www.becresolve.com.br/,Site próprio,,,Já está nas redes
Reserva Praia Linda,http://reservapraialinda.com.br/,Site próprio,,,Já está nas redes
Marcos Zanini imóveis,,,,,Não está nas redes
CORRETORA Patricia Pimenta,,,,,Não está nas redes
Residencial Porto do Sol,,,,Instagram não detectado,Não está nas redes
Casa Montanha,,,,,Não está nas redes
"Macedo Assessoria Administrativa, Contábil E Imobiliária",,,,Instagram não detectado,Não está nas redes
Victor Henrique BRZ,http://wa.me/5521999927258,Site próprio,,,Já está nas redes
Caroline Imoveis,,,,Instagram não detectado,Não está nas redes
Caroline Rodrigues Imóveis,,,,Instagram não detectado,Não está nas redes
Jardim Morada da Aldeia,,,,Instagram não detectado,Não está nas redes
EEE Mossoró,,,,Instagram não detectado,Não está nas redes
LP Matic,,,,,Não está nas redes
AUTO CENTER DO ENÉAS,,,,,Não está nas redes
GNV e Câmbio Automático Pai e Filho,https://gnv-sao-pedro-da-aldeia-convertedora-pai-e-filho.negocio.site/?m=true,Site próprio,,,Já está nas redes
Oficina Mecânica Conserty Car,,,,,Não está nas redes
LP Pneus - São Pedro da Aldeia,,,,,Não está nas redes
Visão Total - Unidade São Pedro da Aldeia,https://visaototalecv.com.br/,Site próprio,,,Já está nas redes
GF Automóveis Mobilidade Elétrica,https://www.instagram.com/gf_automovel?igsh=MXNhZ3BmZTVzZmU4aw==,Instagram,https://www.instagram.com/gf_automovel?igsh=MXNhZ3BmZTVzZmU4aw==,,Já está nas redes
Stop Car Mecanica,,,,,Não está nas redes
Oficina do curio,,,,,Não está nas redes
LC MOTOS,,,,,Não está nas redes
MBL Monobloco Lagos - Oficina Mecânica,,,,,Não está nas redes
Calango’s Garage,,,,,Não está nas redes
MR Centro Automotivo,,,,,Não está nas redes
Oficina Mecânica Auto Ville,,,,,Não está nas redes
Donna’s Mecânica Automotiva,,,,Instagram não detectado,Não está nas redes
Aldeia Motos,,,,,Não está nas redes
Sued's Garage,,,,Instagram não detectado,Não está nas redes
Marcelo Auto Center,,,,Sim,Não está nas redes
AUTO PEÇAS - LP,,,,Instagram não detectado,Não está nas redes
Fiat Automotive | São Pedro da Aldeia,https://www.fiatautomotive.com.br/,Site próprio,,,Já está nas redes
Garagem do Pedro Negócios automotivos,https://www.atom.bio/garagemdopedro,Site próprio,,,Já está nas redes
Impacto Car,,,,,Não está nas redes
H2 studio automotivo,,,,,Não está nas redes
WM Borracharia,,,,,Não está nas redes
Vavá Motos,,,https://www.instagram.com/vava.motos.505/,Não,Já está nas redes
Luiz Cláudio Garage - Oficina Mecânica,https://www.facebook.com/Garagemcom-107951801459973,Facebook,,,Já está nas redes
Jhonny Car Auto Center,https://www.instagram.com/jhonnycarautocenterr?igsh=dHpwbWI2Z25nbWY0,Instagram,https://www.instagram.com/jhonnycarautocenterr?igsh=dHpwbWI2Z25nbWY0,,Já está nas redes
Oficina Raíz da Serra,,,,,Não está nas redes
J.J Diesel,,,,Sim,Não está nas redes
Oficina do Jailton,,,,Instagram não detectado,Não está nas redes
OFICINA MECANICA A & B,,,,Instagram não detectado,Não está nas redes
Jet House são Pedro da Aldeia,https://www.instagram.com/jethousespa?igsh=Ym5vdGhqazQ4MG1q&utm_source=qr,Instagram,https://www.instagram.com/jethousespa?igsh=Ym5vdGhqazQ4MG1q&utm_source=qr,,Já está nas redes
Oficina do Cleber,,,,Instagram não detectado,Não está nas redes
TypeKer Oficina Especializada Honda,,,,,Não está nas redes
Oficina Leandro,,,,Instagram não detectado,Não está nas redes
WS REFRIGERAÇÃO AUTOMOTIVA E AUTO ELÉTRICA E OFICINA MECÂNICA..,,,,Sim,Não está nas redes
GV MOTOS,,,,Instagram não detectado,Não está nas redes
Oficina Do Tiao ( Praia Linda ),,,,,Não está nas redes
RETIFICA DE MOTORES COLIBRI,,,,,Não está nas redes
Oficina do Marlon,,,,Instagram não detectado,Não está nas redes
Professor Câmbio-Auto Center/Câmbio Automático.,https://profcambio.com.br/,Site próprio,,,Já está nas redes
GM AUTOCENTER,,,,Sim,Não está nas redes
Mecânica Cassiano,,,,,Não está nas redes
Mpj Auto Eletrica,,,,,Não está nas redes
Dk Sos Mecânica Em Gral,,,,Instagram não detectado,Não está nas redes
SB recuperadora automotiva,http://recuperadorasb.com/,Site próprio,,,Já está nas redes
Oficina Auto Paint,,,,Sim,Não está nas redes
Auto elétrica PMG,,,,,Não está nas redes
Iury Motos - Peças e Serviços,,,https://www.instagram.com/iuryadrenalinamotos/,Não,Já está nas redes
JP MOTOS,https://www.instagram.com/jpmotos022?igsh=MzJ5eW9lNmZweTdz&utm_source=qr,Instagram,https://www.instagram.com/jpmotos022?igsh=MzJ5eW9lNmZweTdz&utm_source=qr,,Já está nas redes
SAMPAIO OFICINA MECÂNICA,,,,,Não está nas redes
BYD AUTOMOTIVE | São Pedro da Aldeia,,,,,Não está nas redes
Vitor mecânico (antiga oficina do Zé goró),,,,Instagram não detectado,Não está nas redes
Oficina de Lanternagem do DUDU,,,,,Não está nas redes
LCMOTOS,,,,,Não está nas redes
Lanternagem do Baixinho,https://www.instagram.com/baixinholanternagem/,Instagram,https://www.instagram.com/baixinholanternagem/,,Já está nas redes
Oficina mecânica 2 irmão,,,,Instagram não detectado,Não está nas redes
Oficina do moreno,,,,Instagram não detectado,Não está nas redes
Gotrix São Pedro da Aldeia,https://gotrixoficial.com.br/,Site próprio,,,Já está nas redes
Borracharia Ramos,,,,Sim,Não está nas redes
Oficina Torno e Solda,,,,Instagram não detectado,Não está nas redes
Carfox,,,,Instagram não detectado,Não está nas redes
"Av. São Pedro, 85 - Lj 4",,,,,Não está nas redes
Carla Boutique Presentes,,,,Instagram não detectado,Não está nas redes
Itamarati Autopeças,https://www.itamaratiautopecas.com.br/,Site próprio,,,Já está nas redes
Gomes Autopeças,https://wa.me/message/ICQX2ZRB5F62N1,Site próprio,,,Já está nas redes
Box V8,,,,,Não está nas redes
Drugstore People,https://www.facebook.com/rededrogariadopovo,Facebook,,,Já está nas redes
Droga Raia,,,,,Não está nas redes
Farmácia Pague Menos,https://www.paguemenos.com.br/?utm_source=google&utm_medium=website&utm_campaign=youmap,Site próprio,,,Já está nas redes
Drugstore People,http://www.drogariadopovo.com/,Site próprio,,,Já está nas redes
Kerfarma | Farmácia Delivery em Cabo Frio,https://wa.me/5522998361903?text=Ol%C3%A1%2C%20vim%20do%20Google%20Meu%20Neg%C3%B3cio%2C%20gostaria%20de%20mais%20informa%C3%A7%C3%B5es,Site próprio,,,Já está nas redes
Drogaria do Povo (Boca do Mato),https://www.facebook.com/rededrogariadopovo,Facebook,,,Já está nas redes
Drogaria Macedo,https://drogariamacedocabofrio.com.br/,Site próprio,,,Já está nas redes
NanoFarma | Drogaria Delivery de Cabo Frio,https://drogariananofarma.com.br/,Site próprio,,,Já está nas redes
Drogarias Ultra Popular,https://www.drogariasultrapopular.com.br/,Site próprio,,,Já está nas redes
Drogaria do Povão,,,,,Não está nas redes
Drugstore More Health,,,,Sim,Não está nas redes
Drogarias Líder,,,,,Não está nas redes
Drugstore Lagoon Iguaba,http://novamaisfarmaredelagos.my.canva.site/site-rede-lagos,Site próprio,,,Já está nas redes
Drogaria Nova Farma - Cidade Nova,https://novamaisfarmaredelagos.my.canva.site/site-rede-lagos,Site próprio,,,Já está nas redes
Farmácia jardim esperança - Drogaria Descontão,,,,,Não está nas redes
"Drogarias Tamoio Jardim Esperança: Medicamentos, Genérico, Delivery, Cabo Frio",https://www.drogariastamoio.com.br/,Site próprio,,,Já está nas redes
Drogaria Laguna de São Pedro,,,,Sim,Não está nas redes
Mansão espetacular vista,,,,,Não está nas redes
Pousada Suites Phison,,,,,Não está nas redes
Pousada do posto,,,,Instagram não detectado,Não está nas redes
Pousada Vale do Amanhecer,,,,,Não está nas redes
Spa e Pousada Alquimia,,,,,Não está nas redes
Advogada Rebeca Paschoal,http://wa.me/5522997529032,Site próprio,,,Já está nas redes
Machado e Cerqueira Sociedade de Advogados,,,,,Não está nas redes
Thays Aguiar - Previdenciário (INSS),,,,Instagram não detectado,Não está nas redes
JottaDias Advocacia,https://www.instagram.com/jottadias_advocacia/,Instagram,https://www.instagram.com/jottadias_advocacia/,,Já está nas redes
Escritório de Advocacia - Filipe Braga dos Santos - Especialista em Direito da Saúde,https://filipebraga.adv.br/,Site próprio,,,Já está nas redes
Dr. Marcio Evangelista dos Santos,http://marcioevangelista.adv.br/,Site próprio,,,Já está nas redes
Monte Gerizim contabilidade / advocacia,,,,Instagram não detectado,Não está nas redes
Ávila Advocacia & Consultoria Jurídica,,,,,Não está nas redes
Dra. Lidiene Alves,https://meusitenet.my.canva.site/animusconsultorios,Site próprio,,,Já está nas redes
Dr. Lucas Abrahão - Advogado,,,,,Não está nas redes
CK ADVOGADAS - Direito de Família em Cabo frio,https://www.ckadvogadas.com.br/,Site próprio,,,Já está nas redes
Mônica Paes Leme Advocacia,https://monicapaesadvocacia.com.br/,Site próprio,,,Já está nas redes
Justiça Federal - Subseção Judiciária de São Pedro da Aldeia - SJRJ,http://www.jfrj.jus.br/,Site próprio,,,Já está nas redes
Pedro Godinho Advogado,,,,,Não está nas redes
Dr. Leonardo Augusto - Advocacia Militar - Unidade de Cabo Frio,https://leonardoaugusto.com/,Site próprio,,,Já está nas redes
Nathália Smith Advocacia,https://nvadvocacia.com/,Site próprio,,,Já está nas redes
Fonseca & Evangelista - Advocacia e Consultoria Jurídica,,,,Instagram não detectado,Não está nas redes
M&D Advogados,,,,,Não está nas redes
Advocacia Dr. Geraldo T. Cruz,,,,,Não está nas redes
Dra. Roberta Etelvino,,,,Instagram não detectado,Não está nas redes
Espaço Connect Coworking LDR,,,,Instagram não detectado,Não está nas redes
Estomaterapeuta Márcia Quintanilha Costa,,,,,Não está nas redes
The Original Gesso 3D,https://www.facebook.com/profile.php?id=61550695352275&mibextid=LQQJ4d,Facebook,,,Já está nas redes
Trevo da Aldeia,,,,Instagram não detectado,Não está nas redes
Esquadra serralheria e vidraçaria,,,,,Não está nas redes
Alex Materiais de Construção,,,,,Não está nas redes
ENERY MATERIAIS DE CONSTRUÇÃO,,,,,Não está nas redes
Ferramentas & Cia,,,,,Não está nas redes
Rejunte piscina quartzolit,https://www.quartzolit.weber/argamassas-e-rejuntes-quartzolit/rejuntes-quartzolit/rejunte-piscinas-quartzolit,Site próprio,,,Já está nas redes
Comfé,,,,,Não está nas redes
Pisare Pisos E Acabamentos,,,,Instagram não detectado,Não está nas redes
Casa do Pedreiro,,,https://www.instagram.com/casadopedreirorj/,Não,Já está nas redes
Deposito do Porcelanato São Pedro da Aldeia,https://www.instagram.com/depositodoporcelanato,Instagram,https://www.instagram.com/depositodoporcelanato,,Já está nas redes
ConstruSec Drywall,,,,Instagram não detectado,Não está nas redes
Ramaina - pedras decorativas e Pedra São Tomé,https://sites.google.com/view/ramaina/in%C3%ADcio,Site próprio,,,Já está nas redes
Madeireira Da Hora,,,,,Não está nas redes
Bazar e Materiais de construção,,,,Sim,Não está nas redes
PH Materiais de Construção,,,,Instagram não detectado,Não está nas redes
Construforte Materiais de Construção,,,,,Não está nas redes
Horto Jardim Park - O shopping do seu jardim,http://www.jardimpark.com.br/,Site próprio,,,Já está nas redes
Bazar dos Ayres Materiais de Construcao,,,,Instagram não detectado,Não está nas redes
Thaiane material,,,,,Não está nas redes
Top Tintas & Materiais de Construção,,,,Instagram não detectado,Não está nas redes
Mega Obra atacado e varejo da construção,,,,,Não está nas redes
TEM TUDO DO GIL,https://www.instagram.com/temtudodogil/,Instagram,https://www.instagram.com/temtudodogil/,,Já está nas redes
Ponta D'Água Materiais de Construção Ltda,http://wa.me//5522999881890,Site próprio,,,Já está nas redes
J.M Moura Materiais de Construção,,,,,Não está nas redes
RR Variedades,,,,,Não está nas redes
Pra Obra Mat de Construção,,,,,Não está nas redes
Leleco Bazar & Mat. Construção,,,,Instagram não detectado,Não está nas redes
Horto Tropical,,,,,Não está nas redes
Locação de equipamentos para construção Antunes Locadora,,,,Instagram não detectado,Não está nas redes
Tavares Multi Bazar (São João - São Pedro da Aldeia),http://linktr.ee/tavaresmultibazar,Site próprio,,,Já está nas redes
Cla Cla Materiais de Construção e Bazar,https://www.instagram.com/claclamateriais,Instagram,https://www.instagram.com/claclamateriais,,Já está nas redes
Bazar Central,,,,Sim,Não está nas redes
Araújo Material de Construção,,,,,Não está nas redes
Manzini Construção,,,,,Não está nas redes
RL ENERVOLTS,https://rlagosenervolts.webloja.app/,Site próprio,,,Já está nas redes
Atobá Madeiras,https://atobamadeireira.com.br/,Site próprio,,,Já está nas redes
Vigotas Isaías,,,,,Não está nas redes
ED Material de Construçao & Bazar,,,,,Não está nas redes
ginhabazar,,,,Instagram não detectado,Não está nas redes
Gesso Decor,,,,Instagram não detectado,Não está nas redes
Artefatos Marino,,,,,Não está nas redes
ARTEFATOS ALDEENSE,,,,,Não está nas redes
Bazar Enezio Filho,,,,,Não está nas redes
DSDS 1985 - REPRESENTAÇÃO COMERCIAL,,,,,Não está nas redes
Curto Circuito,,,,,Não está nas redes
Depósito de Material de Construção DEDEI,,,,,Não está nas redes
MG construções,,,,,Não está nas redes
Material de construção M costa,,,,Sim,Não está nas redes
Secco bazar,,,,,Não está nas redes
Paraná Materiais de Construção,,,,,Não está nas redes
Edinho Bazar e material de construção,,,,Sim,Não está nas redes
JVC MATERIAL de CONST,,,,Sim,Não está nas redes
Macarrão Artefatos De Cimento,,,,,Não está nas redes
Polimix Concreto - Cabo Frio,http://www.polimix.com.br/,Site próprio,,,Já está nas redes
Novo Tempo Material de construção,,,,,Não está nas redes
WE Poste Padrão,https://sites.google.com/view/we-poste-padrao/inicio,Site próprio,,,Já está nas redes
Material de construção marinho,,,,,Não está nas redes
Padaria & Lanchonete Gratidão,,,,Instagram não detectado,Não está nas redes
Padaria Dupão Cabo Frio,,,,,Não está nas redes
Mercado e padaria Novo Amanhecer,,,,Instagram não detectado,Não está nas redes
Piazza Navona Café,http://www.goomer.app/piazza-navona-cafe,Site próprio,,,Já está nas redes
Casa Açucarada 🏠,https://casaacucaradavry.meloja.com.br/,Site próprio,,,Já está nas redes
Padaria Ki pão,,,,,Não está nas redes
Padaria Vitória,,,,Instagram não detectado,Não está nas redes
Casa Sayonara,,,,,Não está nas redes
Padaria Sonho Meu,,,,Sim,Não está nas redes
Padaria Pão Vip,,,,Sim,Não está nas redes
Padaria Dimas,https://padaria-dimas.ueniweb.com/?utm_campaign=gmb,Site próprio,,,Já está nas redes
Bakery Rosa De Saron,https://www.instagram.com/rosadesaron.rj/?next=%2F,Instagram,https://www.instagram.com/rosadesaron.rj/?next=%2F,,Já está nas redes
Padaria Renascer,,,,Sim,Não está nas redes
Padaria Forninho,,,,Sim,Não está nas redes
Padaria Shalon,,,,,Não está nas redes
Padaria & Confeitaria Sabor de Queijo,,,,Instagram não detectado,Não está nas redes
Padaria Flor do Bairro,,,,,Não está nas redes
Padaria Bela,,,,,Não está nas redes
José Bakery,http://instagram.com/jose.bakery_,Instagram,http://instagram.com/jose.bakery_,,Já está nas redes
Padaria & Confeitaria Conquista,https://www.facebook.com/padariaconquista.cabofrio/,Facebook,,,Já está nas redes
Padaria Esquina de Minas,,,,Sim,Não está nas redes
Bakery Baron of Rio Branco,,,,,Não está nas redes
Pão do Edu,https://www.paodoedu.com.br/,Site próprio,,,Já está nas redes
Branca Pastry Shop,,,,,Não está nas redes
Padaria Brioche do Forte,,,,,Não está nas redes
Casa do Suisso Confeitaria e Lanchonete,http://casadosuisso.com/,Site próprio,,,Já está nas redes
Padaria e Confeitaria Arth com Trigo,,,,,Não está nas redes
Padaria BRITO BRAGA,,,,Instagram não detectado,Não está nas redes
Padaria Doce Maná,,,,Sim,Não está nas redes
Padaria,,,,Instagram não detectado,Não está nas redes
Freire cakes,,,,,Não está nas redes
Padaria do Josias,,,,,Não está nas redes
Padaria e mercearia Vitória,,,,Instagram não detectado,Não está nas redes
Padaria do Vitinho,,,,,Não está nas redes
PADARIA Deus É Fiel,,,,,Não está nas redes
PADARIA E MERCEARIA GIRASSOL,,,,,Não está nas redes
Padaria saulus Baker,,,,Instagram não detectado,Não está nas redes
Padaria Nosso Pão,,,,Sim,Não está nas redes
Padaria família,,,,,Não está nas redes
Padaria e confeitaria do Baiano,,,,Instagram não detectado,Não está nas redes
PADARIA PINHEIRO,,,,Sim,Não está nas redes
Padaria e Mercearia Kí-Delícia,,,,Instagram não detectado,Não está nas redes
Mari Art bolos,,,,Instagram não detectado,Não está nas redes
D'iza Cakes,https://instagram.com/d.izacakes?igshid=MDM4ZDc5MmU=,Instagram,https://instagram.com/d.izacakes?igshid=MDM4ZDc5MmU=,,Já está nas redes
Padaria do Gugu,,,,,Não está nas redes
Padaria E Confeitaria J.D,,,,Instagram não detectado,Não está nas redes
Delicia De Pão,,,,Sim,Não está nas redes
Mercado e Padaria Irmãos Bento,,,,,Não está nas redes
Padaria do bene,,,,,Não está nas redes
Padaria massa fina,,,,,Não está nas redes
Campo do Estrelinha,,,,,Não está nas redes
Cris Pães e Bolos,,,,Instagram não detectado,Não está nas redes
Padaria Mana,,,,Sim,Não está nas redes
NICO'S PADARIA,,,,,Não está nas redes
Dona Lú confeitaria,https://www.instagram.com/dona.luconfeitaria?igsh=ZmtlOGw3NXBoZnMx,Instagram,https://www.instagram.com/dona.luconfeitaria?igsh=ZmtlOGw3NXBoZnMx,,Já está nas redes
"EDcomer hambúrguer, Pizzas e Massas artesanais.",,,,Instagram não detectado,Não está nas redes
Império lanches e pizzas,,,,,Não está nas redes
"Pizzaria Maravilhosa pizza, são pedro da aldeia delivery",,,,,Não está nas redes
Lanchonete Lá Resenha,https://app.cardapioweb.com/hamburgueria_aldeia?s=cb,Site próprio,,,Já está nas redes
Sandubão,,,,,Não está nas redes
Russo Lanches,,,,Instagram não detectado,Não está nas redes
Família Farinha Pizzaria Esfiharia,https://www.facebook.com/farinha.santos.1612/,Facebook,,,Já está nas redes
Pizzaria Don Leal,http://www.donlealdelivery.com.br/,Site próprio,,,Já está nas redes
Pizzaria & Açaiteria bora bora,https://pizzariaboraboraproposta.clientefiel.app/?loja=7035,Site próprio,,,Já está nas redes
A vida é masa,https://a-vida-e-massa-delivery.ueniweb.com/?utm_campaign=gmb,Site próprio,,,Já está nas redes
Casa Del Mare - Pizzaria & Café Bistrô,,,,,Não está nas redes
Menino do Açaí,https://pedido.brendi.com.br/meninodoacai,Site próprio,,,Já está nas redes
A PATROA RESTAURANTE,,,,,Não está nas redes
A Saborosa Pizzaria Cabo Frio - Rodízio de pizzas,http://www.asaborosa.com.br/,Site próprio,,,Já está nas redes
Esfihas e Pizzas - Coisa Boa Food,http://coisaboafood.com.br/,Site próprio,,,Já está nas redes
REALI | Pizzaria e Hamburgueria,https://app.cardapioweb.com/reali_pizzaria,Site próprio,,,Já está nas redes
Pizzaria Massa Fina,https://www.instagram.com/pizzariamassafinacabofrio/,Instagram,https://www.instagram.com/pizzariamassafinacabofrio/,,Já está nas redes
Farinha & Lenha,,,,,Não está nas redes
Pizza 55,https://www.instagram.com/pizza55ofc/,Instagram,https://www.instagram.com/pizza55ofc/,,Já está nas redes
Sabor Shalon Restaurante e Pizzaria,https://app.anota.ai/p/ShalonRestaurante,Site próprio,,,Já está nas redes
Os Gringos,,,,Instagram não detectado,Não está nas redes
Pizzaria Santa Pizza,,,,,Não está nas redes
José Pizza,,,,,Não está nas redes
Pizza da Mari Cabo Frio,,,,Sim,Não está nas redes
Finestra - Pizza e Pasta,https://instagram.com/finestra.italiana?utm_medium=copy_link,Instagram,https://instagram.com/finestra.italiana?utm_medium=copy_link,,Já está nas redes
Leña Casa Italiana,http://www.lenacasaitaliana.com.br/,Site próprio,,,Já está nas redes
Donn'Anna,,,,,Não está nas redes
Pizzaria e lanchonete pais e fihos,,,,,Não está nas redes
Don Leal Pizzaria,http://www.donlealdelivery.com.br/,Site próprio,,,Já está nas redes
Salgados da Nete,https://www.facebook.com/salgadosdanete/,Facebook,,,Já está nas redes
Pastelaria Badauê,,,,,Não está nas redes
pizzas da kika,,,,,Não está nas redes
Pizzaria DI LEVE,,,,Instagram não detectado,Não está nas redes
Pop pizza,,,,Instagram não detectado,Não está nas redes
Pizzaria Sabor de Minas spa,,,,,Não está nas redes
Pizza Ind Max Delivery,,,,,Não está nas redes
Burgers Mania,,,,Sim,Não está nas redes
Outlet Rj Pizzaria,,,,Instagram não detectado,Não está nas redes
Donatchelli Pizzaria,https://www.ifood.com.br/delivery/cabo-frio-rj/donatchelli-pizzaria-e-restaurante-jardim-esperanca/28e376b5-85f5-4802-9f21-969dea11edf4,Site próprio,,,Já está nas redes
Cielli Lanches,,,https://www.instagram.com/ciellilanches/,Não,Já está nas redes
Chamito pizzas e lanches delivery,,,,,Não está nas redes
Pizzaria Napollitana,,,,Sim,Não está nas redes
Pizzaria do Marcelo,,,,Sim,Não está nas redes
Pizzaria Foggareli - Pizza a Lenha,https://foggareli.netlify.app/,Site próprio,,,Já está nas redes
Pizza do Dinho pizza caseira pré assada,,,,,Não está nas redes
Stop Pizza na lenha.,,,,,Não está nas redes
JB Pizza e Açaí,,,,,Não está nas redes
Rei Do Combo,https://pedido.anota.ai/loja/18945463771?f=ms,Site próprio,,,Já está nas redes
Adega Don Arthuro,http://guianoitelagos.com.br/categoria.php?cod=228&ci=1#378,Site próprio,,,Já está nas redes
Alternativa gril...,https://allalho.com.br/allalho?s=google,Site próprio,,,Já está nas redes
Coffee Capri Brazil,,,,,Não está nas redes
Restaurante do bal,,,,,Não está nas redes
Casa do Macarrão,,,,,Não está nas redes
Rota 106 Restaurante & Petiscaria,,,,,Não está nas redes
Restaurante Dona Antônia,https://www.whatsmenu.com.br/restaurantedonaantonia,Site próprio,,,Já está nas redes
OBAR CHOPP SPORT RESTAURANTE,,,,,Não está nas redes
Restaurante Estrela do Mar Vilatur,https://www.instagram.com/restaurante.estreladomar?igsh=MXA0YmR2bmUzMzVybA%3D%3D&utm_source=qr,Instagram,https://www.instagram.com/restaurante.estreladomar?igsh=MXA0YmR2bmUzMzVybA%3D%3D&utm_source=qr,,Já está nas redes
"Brisa Restaurante, Praia Seca, Região dos Lagos",https://www.instagram.com/brisapraiaseca/,Instagram,https://www.instagram.com/brisapraiaseca/,,Já está nas redes
Laguna Beach Beer,,,,,Não está nas redes
Restaurante prato popular PF do Nei,,,,,Não está nas redes
RESTAURANTE RANCHO MARILOTA,,,,,Não está nas redes
Chaves Burguer - Hamburgueria,https://chavesburguer.com/chaves_burguer,Site próprio,,,Já está nas redes
Mamute Lanches,https://app.anota.ai/m/xh2sLFPWw,Site próprio,,,Já está nas redes
Supremo Lanches | Araruama-RJ,https://beacons.ai/supremolanches,Site próprio,,,Já está nas redes
Lanchonete Promessa,https://www.facebook.com/LanchonetePromessa/,Facebook,,,Já está nas redes
Trailer do Ziel Lanches,,,,,Não está nas redes
Varandão Do Lanche,http://facebook.com/varandaolanche,Facebook,,,Já está nas redes
Hamburgueria Palemã,http://pedido.brendi.com.br/palema,Site próprio,,,Já está nas redes
Cristal Lanches,,,,,Não está nas redes
Lanchonete ACAI DA PRACA,,,,,Não está nas redes
MixBurguer,,,,,Não está nas redes
Big Burger,https://pedido.anota.ai/loja/big-burger-32?f=msa,Site próprio,,,Já está nas redes
Mc Família Lanches,,,,,Não está nas redes
Point do Açaí,https://instagram.com/pointdoacai.araruama?utm_medium=copy_link,Instagram,https://instagram.com/pointdoacai.araruama?utm_medium=copy_link,,Já está nas redes
Lanches do Hospício,https://menu.brendi.com.br/lanches-do-hospicio-hospicio,Site próprio,,,Já está nas redes
X-LANCHES ARARUAMA,https://beacons.ai/xlanchesararuama,Site próprio,,,Já está nas redes
Uai Gelados Araruama,https://beacons.ai/uaigelados,Site próprio,,,Já está nas redes
Rei do Mate,https://lojas.reidomate.com.br/rei-do-mate-centro-araruama-rj,Site próprio,,,Já está nas redes
Puro Gelato Araruama,,,,,Não está nas redes
Lanchonete do Hulk,,,,,Não está nas redes
Pizzaria Sublime,,,,,Não está nas redes
Pastel do Cearense,,,,,Não está nas redes
Lanches da Clarice lanchonete,,,,,Não está nas redes
Iguaba Lanches,,,,,Não está nas redes
Araruama,https://www.araruama.rj.gov.br/,Site próprio,,,Já está nas redes
Studio Bianca Brito,,,,,Não está nas redes
ESTETICA - MARIANA SANCHES - ARARUAMA - RJ - TRATAMENTO ACNE - MELASMA - LIMEPEZA DE PELE - PEELING - MICROAGULHAMENTO,,,,,Não está nas redes
Manicure em araruama @Luana Sisan (Araruama),https://www.instagram.com/invites/contact/?i=crpnkth4m2wb&utm_content=1puhle0,Instagram,https://www.instagram.com/invites/contact/?i=crpnkth4m2wb&utm_content=1puhle0,,Já está nas redes
Thauany Martins Beauty,https://instagram.com/thauanymartinsdesigner?igshid=YmMyMTA2M2Y=,Instagram,https://instagram.com/thauanymartinsdesigner?igshid=YmMyMTA2M2Y=,,Já está nas redes
Larissa Melo Espaço de Beleza,,,,,Não está nas redes
Studio Wanessa Marquês,,,,,Não está nas redes
Bodyskin - Clínica de estética em Araruama,http://www.bodyskinararuama.com.br/,Site próprio,,,Já está nas redes
Espaço Carolina Monteiro,,,,,Não está nas redes
Rio Bel Cosméticos,https://www.riobelcosmeticos.com.br/,Site próprio,,,Já está nas redes
Studiobellladepill,,,,,Não está nas redes
Leninha Araújo,https://m.facebook.com/leninhaaraujo.megahair/tu,Facebook,,,Já está nas redes
Thais Moura Nails,https://www.instagram.com/invites/contact/?i=pm8lkaokyran&utm_content=5ojxbi2,Instagram,https://www.instagram.com/invites/contact/?i=pm8lkaokyran&utm_content=5ojxbi2,,Já está nas redes
Espaço Beatriz Werner,https://instagram.com/beatrizwernerdesigner?igshid=1tz2x4c1gszan,Instagram,https://instagram.com/beatrizwernerdesigner?igshid=1tz2x4c1gszan,,Já está nas redes
Clínica de Estética e Salão de Beleza - Dona de Si,,,,,Não está nas redes
Nail Designer | Caroline Prado,,,,,Não está nas redes
Tata cachos concept,,,,,Não está nas redes
Studio Gabriela Galddino,https://instagram.com/gabrielagalddino?igshid=MjEwN2IyYWYwYw==,Instagram,https://instagram.com/gabrielagalddino?igshid=MjEwN2IyYWYwYw==,,Já está nas redes
Barbearia da vila,,,,,Não está nas redes
Hora do Corte,https://www.facebook.com/profile.php?id=100070943623614&mibextid=ZbWKwL,Facebook,,,Já está nas redes
Barbearia Pacheco Du corte,https://chat.inbarberapp.com/?id=0dbeeab1-a05f-40a3-a616-db2d6d25d02b,Site próprio,,,Já está nas redes
Barbershop dos amigos,,,,,Não está nas redes
Barbearia,,,,,Não está nas redes
Barbearia Fox,,,,,Não está nas redes
Barbearia Novo Horizonte unidade Guanabara,https://www.instagram.com/barbearianvguanabara?igsh=a2IzMGQ3dzRxamg3&utm_source=qr,Instagram,https://www.instagram.com/barbearianvguanabara?igsh=a2IzMGQ3dzRxamg3&utm_source=qr,,Já está nas redes
Diogo Barbearia,https://wa.me/5522981611925?text=Ol%C3%A1%2C%20gostaria%20de%20agendar%20um%20hor%C3%A1rio.,Site próprio,,,Já está nas redes
Barbearia Filipe dos cortes,,,,,Não está nas redes
Barbearia Casagrande,,,,,Não está nas redes
Barbearia Camisa 10,,,,,Não está nas redes
Barbearia vikings cariocas,,,,,Não está nas redes
Barbearia do Mateus,,,,,Não está nas redes
Barbearia-asm,,,,,Não está nas redes
Barbearia Praia Seca,https://www.instagram.com/barbearia_bigode_grossoo?igsh=MTN2bTBrYmdxb3FhaA==&utm_source=qr,Instagram,https://www.instagram.com/barbearia_bigode_grossoo?igsh=MTN2bTBrYmdxb3FhaA==&utm_source=qr,,Já está nas redes
Barbearia Pl du' Corte,,,,,Não está nas redes
Point do Corte Barbearia,https://www.pointdocorte.com.br/,Site próprio,,,Já está nas redes
Dom Velasco barbearia,,,,,Não está nas redes
Barbearia Lourenço,,,,,Não está nas redes
JP Barbearia,https://api.whatsapp.com/send?phone=5522992160689&text=Quero%20agendar%20um%20hor%C3%A1rio%20para%20corta%20cabelo%20!!,Site próprio,,,Já está nas redes
Chefão barbearia,,,,,Não está nas redes
Barbearia de saquarema,https://www.facebook.com/barberiadaraiacamarotedocorte/,Facebook,,,Já está nas redes
Barbearia do Eniton,,,,,Não está nas redes
Barbearia do Lc,,,,,Não está nas redes
Barbearia Na Risca,https://bit.ly/49LHrd8,Site próprio,,,Já está nas redes
Barbearia pitbull do corte,,,,,Não está nas redes
Welington barbearia e prótese capilar,https://booksy.com/pt-br/instant-experiences/widget/402015,Site próprio,,,Já está nas redes
Barbearia Bacaxá,https://hotm.art/57BegOI,Site próprio,,,Já está nas redes
Barbearia Munar Silva / SAQUAREMA,https://www.instagram.com/barbermunarsilva?igsh=dWs0Nnl5YWJ3N3di&utm_source=qr,Instagram,https://www.instagram.com/barbermunarsilva?igsh=dWs0Nnl5YWJ3N3di&utm_source=qr,,Já está nas redes
Caique Dú Corts,https://www.instagram.com/caiqueducorts?igsh=MWt1YzFyc3pjNmVibA==,Instagram,https://www.instagram.com/caiqueducorts?igsh=MWt1YzFyc3pjNmVibA==,,Já está nas redes
Barber Shop CIMAR Du Cortes,,,,,Não está nas redes
BARBEARIA Arte Visual,,,,,Não está nas redes
Barbearia novo horizonte coqueiral 03,,,,,Não está nas redes
Barbearia N°1 Corte e Estilo,,,,,Não está nas redes
Barbearia Karioca,,,,,Não está nas redes
Salão e Barbearia Dú Deni,,,,,Não está nas redes
Barbearia Faz Macete,,,,,Não está nas redes
Juberto Cabelereiro - Juberto E Fabinho,,,,,Não está nas redes
Filbarber - barbearia do Filipe,,,,,Não está nas redes
BARBEARIA SR PÂMPO,,,,,Não está nas redes
DUARTE BARBEARIA,,,,,Não está nas redes
Hazel Barber,https://www.instagram.com/hazelbarbearia/,Instagram,https://www.instagram.com/hazelbarbearia/,,Já está nas redes
Hazel Barbearia,,,,,Não está nas redes
Barbearia amigos,,,,,Não está nas redes
Barbearia do Ruan Marinho,,,,,Não está nas redes
Barbearia Itatiquara,,,,,Não está nas redes
Barbearia do Pablo,,,,,Não está nas redes
Barbearia do BN,,,,,Não está nas redes
Hora do corte,,,,,Não está nas redes
Salão do amigo Luiz Carlos,,,,,Não está nas redes
Barbearia Nilo BarberShop em Iguaba Grande,https://sites.appbarber.com.br/agendamento/nilo,Site próprio,,,Já está nas redes
Barbearia do DAVI,https://markey.pro/75cyp5myje2110,Site próprio,,,Já está nas redes
Barbearia Barbarel,https://instagram.com/oficialbarbarel?igshid=MjEwN2IyYWYwYw==,Instagram,https://instagram.com/oficialbarbarel?igshid=MjEwN2IyYWYwYw==,,Já está nas redes
Barbearia do Lc,,,,,Não está nas redes
Barbearia do Pereira,,,,,Não está nas redes
Barbearia Tapa No Black,,,,,Não está nas redes
Antônio Barbeiro,,,,,Não está nas redes
Barber House,,,,,Não está nas redes
Barbearia novo visual,,,,,Não está nas redes
Barbearia do Vitor 2.9,,,,,Não está nas redes
Fernandes - Cortes de Cabelo,https://appbarber.com.br/download/prime?cod=1874306,Site próprio,,,Já está nas redes
Barbearia villaducorte,,,,,Não está nas redes
Barbearia Deus Proverá,,,,,Não está nas redes
ESSENCE MEN | BARBEARIA & VISAGISMO,http://www.instagram.com.br/barbeariaessencemen,Instagram,http://www.instagram.com.br/barbeariaessencemen,,Já está nas redes
Barbearia VT Du Corte,,,,,Não está nas redes
Barbearia Srº Macho,,,,,Não está nas redes
Barbearia David art,,,,,Não está nas redes
Pilates e Fisioterapia Priscilla Andrade,,,,,Não está nas redes
Pilates Patrícia França,https://instagram.com/pilatespatriciafranca?igshid=MzRlODBiNWFlZA==,Instagram,https://instagram.com/pilatespatriciafranca?igshid=MzRlODBiNWFlZA==,,Já está nas redes
Espaço Livre Academia,,,,,Não está nas redes
Academia Júnior Domingues,,,,,Não está nas redes
Academia AP santos,,,,,Não está nas redes
AZEVEDO BRAZILIAN JIU-JITSU Araruama Rj,https://instagram.com/takaias_top_team_araruama?igshid=YmMyMTA2M2Y=,Instagram,https://instagram.com/takaias_top_team_araruama?igshid=YmMyMTA2M2Y=,,Já está nas redes
Studio M&R Training,,,,,Não está nas redes
Studio Patrick Oliveira,,,,,Não está nas redes
Centro de Treinamento França Dias,https://api.whatsapp.com/send/?phone=5522996073010&text&type=phone_number&app_absent=0,Site próprio,,,Já está nas redes
JM Team Fight,,,,,Não está nas redes
Academia Gastronômica - Bistrot & Escola,https://www.chefedimarques.com/,Site próprio,,,Já está nas redes
LORETTO BRAZILIAN JIU-JITSU,https://www.instagram.com/lorettobjj?igsh=MW0xNWVrN3FjZ2Vxbw==,Instagram,https://www.instagram.com/lorettobjj?igsh=MW0xNWVrN3FjZ2Vxbw==,,Já está nas redes
Academia R.Dino Brazilian jiu-jitsu,,,,,Não está nas redes
Lagos Boxing Stadium / Carlson Gracie Jiu-jitsu,,,,,Não está nas redes
CHRONUS CENTRO DE TREINAMENTO,,,,,Não está nas redes
Academia Estudio Marcet,http://www.estudiomarcet.com.br/,Site próprio,,,Já está nas redes
DDR Jiu-Jitsu,http://www.instagram.com/DDRJJ.Oficial,Instagram,http://www.instagram.com/DDRJJ.Oficial,,Já está nas redes
Tayna Oliveira academia,,,,,Não está nas redes
John John Team,,,,,Não está nas redes
Academia MBhering Judô clube Tupi,,,,,Não está nas redes
Studio Eliçon Pilates,,,,,Não está nas redes
Studio G3+,,,,,Não está nas redes
CT Stone Hand Jiu-Jitsu,,,,,Não está nas redes
Academia Ativa Fitness,http://linktr.ee/ativafitnessrj,Site próprio,,,Já está nas redes
ESPAÇO FERNANDA DIAS,,,,,Não está nas redes
Academia Hidrocoqueiral,https://www.instagram.com/hidrocoqueiral/,Instagram,https://www.instagram.com/hidrocoqueiral/,,Já está nas redes
Academia Mitra Itaúna,https://m.facebook.com/academiamitra/?locale2=pt_BR,Facebook,,,Já está nas redes
Academia Mitra Lagoa,https://academiamitra.com.br/,Site próprio,,,Já está nas redes
CT PATRICIA LUCAS,,,,,Não está nas redes
Studio Personal Fernanda Dias,,,,,Não está nas redes
Salinas BJJ,,,,,Não está nas redes
Costa do Sol Fitness and Health,https://www.instagram.com/costadosolfitness/profilecard/?igsh=MWFyb211cmVjODJmZQ==,Instagram,https://www.instagram.com/costadosolfitness/profilecard/?igsh=MWFyb211cmVjODJmZQ==,,Já está nas redes
Mais Kombat,https://instagram.com/maiskombat?igshid=MzRlODBiNWFlZA==,Instagram,https://instagram.com/maiskombat?igshid=MzRlODBiNWFlZA==,,Já está nas redes
Academia Teamvargas,,,,,Não está nas redes
Rainha's Comida Saudável,http://facebook.com/rainhascomidasaudavel,Facebook,,,Já está nas redes
Centro Esportivo Vívian Soares de Ginástica,,,,,Não está nas redes
CENTRO DE TREINAMENTO ARTES MARCIAIS,,,,,Não está nas redes
Surya Yoga,,,,,Não está nas redes
Academia fit club MG,,,,,Não está nas redes
Academia Alcântara jiu-jitsu,,,,,Não está nas redes
Pully Pilates e Cuidados Araruama,,,,,Não está nas redes
Tribus Brazilian Jiu-Jitsu Ep,,,,,Não está nas redes
ERA Fisio - Espaço Rayane Antunes/ Estética avançada,https://meuairgo.com.br/Erafisiotelavirtualcontatos,Site próprio,,,Já está nas redes
Chernobyl Academia LTDA,https://www.instagram.com/academiachernobyl?igsh=MTBlMjJ3NmI4bXh3cA==,Instagram,https://www.instagram.com/academiachernobyl?igsh=MTBlMjJ3NmI4bXh3cA==,,Já está nas redes
Complexo Esportivo Vida,,,,,Não está nas redes
"Bioforma Academia, Petiscaria e Cafeteria",,,,,Não está nas redes
Espaço Thais Ferreira,,,,,Não está nas redes
SCARPELLY TEAM,,,,,Não está nas redes
Nutricionista Tatiana Maia Hipertrofia e Emagrecimento Consultório Araruama *NÃO ACEITO PLANO*,http://www.tatiananutricionista.com.br/,Site próprio,,,Já está nas redes
Jean Melo Fisioterapia e Quiropraxia,,,,,Não está nas redes
Dra Thyara Boechat Neuropediatra,https://www.instagram.com/neuropedporthy/,Instagram,https://www.instagram.com/neuropedporthy/,,Já está nas redes
Binoculare Núcleo de Ortóptica,,,,,Não está nas redes
Clínica de Reumatologia,,,,,Não está nas redes
Dr. Fábio Marchon - Ginecologia e Obstetrícia,,,,,Não está nas redes
IDEN,,,,,Não está nas redes
Clínica Lagos,,,,,Não está nas redes
Eulenir Maria de Albuquerque Magioli,,,,,Não está nas redes
Clínica Righi - Saúde em Foco - Iguaba Grande,http://www.clinicarighi.com/,Site próprio,,,Já está nas redes
Clin Center - Araruama,https://clincenter.com.br/,Site próprio,,,Já está nas redes
Clínica SaquaMed,https://saquamed.com/,Site próprio,,,Já está nas redes
MedMais Clínica Popular,,,,,Não está nas redes
CNP Serviços Médicos,,,,,Não está nas redes
Viver Mais - Clínica Médica & Odontológica,,,,,Não está nas redes
Emprehmet - Empresa de Recursos Humanos e Medicina do Trabalho (Araruama),http://emprehmet.com.br/,Site próprio,,,Já está nas redes
"Dr. Jackson Machado - UROLOGISTA, UROLOGIA, ENDOUROLOGIA, RINS, PRÓSTATA, TRATO URINÁRIO, CIRURGIÃO UROLOLÓGICO - ARARUAMA",https://beacons.ai/drjacksonmachado,Site próprio,,,Já está nas redes
Centro de fisioterapia HR - Rio de janeiro,http://mktbio.com.br/,Site próprio,,,Já está nas redes
Dra. Tatiana Ferreira Moreno,,,,,Não está nas redes
Instituto Verônica Magalhães,,,,,Não está nas redes
Dra. Ingrid Fuscaldo,https://www.instagram.com/draingridfuscaldo,Instagram,https://www.instagram.com/draingridfuscaldo,,Já está nas redes
Clinica Rayana Domingues,,,,,Não está nas redes
Renata Brasil Dentista,,,,,Não está nas redes
Agro & Lan Agropecuária,,,,,Não está nas redes
Pet Capri Agropecuária,,,,,Não está nas redes
Pet House,,,,,Não está nas redes
Agromax Pet Shop e Bazar,https://instagram.com/agromax_petshop?igshid=YmMyMTA2M2Y=,Instagram,https://instagram.com/agromax_petshop?igshid=YmMyMTA2M2Y=,,Já está nas redes
Do Bicho clínica veterinária,,,,,Não está nas redes
Didi Pet,,,,,Não está nas redes
Araken Pet Center,http://www.arakenpetcenter.com.br/,Site próprio,,,Já está nas redes
Ju Rosa Banho e Tosa,,,,,Não está nas redes
Caramelo Pet,,,,,Não está nas redes
Zoo On Agropecuária,https://linktr.ee/zooon.petshop,Site próprio,,,Já está nas redes
Celeiro Agropecuária,https://wa.me/5521989587629,Site próprio,,,Já está nas redes
Cão & Cia,,,,,Não está nas redes
Castelo das rações,,,,,Não está nas redes
Pet Fiel,,,,,Não está nas redes
Pet shop,,,,,Não está nas redes
PET CENTER PRAIA SECA,,,,,Não está nas redes
sempreoportunidades,https://alimentoscaseirosprapets.oportunidadesprasempre.shop/,Site próprio,,,Já está nas redes
Casa De Ração Areal,,,,,Não está nas redes
Vila Animal Pet Shop,,,,,Não está nas redes
Agropecuária PetShop e Banho e Tosa O Cachorrão,,,,,Não está nas redes
WT Shopping - Araruama,,,,,Não está nas redes
Vet & Pet Clínica Veterinária,,,,,Não está nas redes
Banho e Tosa 4 Patas de Araruama,https://www.facebook.com/banhotosa.quatropatas,Facebook,,,Já está nas redes
Falcão pet shop,,,,,Não está nas redes
Petshop e Agropecuária Agropet,,,,,Não está nas redes
Miragem Pet (Matriz),,,,,Não está nas redes
Banho e Tosa - Parati,https://www.instagram.com/banhoetosa_parati/,Instagram,https://www.instagram.com/banhoetosa_parati/,,Já está nas redes
Multi Faxina,,,,,Não está nas redes
Veterinária Amor de Bicho,,,,,Não está nas redes
Animal Veterinary Center,,,,,Não está nas redes
Centro de Estética Animal Patinhas De Ouro,https://patinhasdeouro.netlify.app/,Site próprio,,,Já está nas redes
Criações Godinhos,https://www.instagram.com/criacoesgodinhos?igsh=bTdxM2Frdnk2bzNh&utm_source=qr,Instagram,https://www.instagram.com/criacoesgodinhos?igsh=bTdxM2Frdnk2bzNh&utm_source=qr,,Já está nas redes
Agropecuária Orla Nova de Iguabinha,,,,,Não está nas redes
Centro de Estética Vida de Cão,,,,,Não está nas redes
Casa De Racao,,,,,Não está nas redes
"K9alfadog Centro de Treinamento, Creche e Pet Hotel",,,,,Não está nas redes
O Mundo Animal existe,,,,,Não está nas redes
Casa de Ração Mundo Animal,https://www.instagram.com/mundoanimal__01?igsh=OXRrY2RtaGp1eWpw&utm_source=qr,Instagram,https://www.instagram.com/mundoanimal__01?igsh=OXRrY2RtaGp1eWpw&utm_source=qr,,Já está nas redes
Mundo Encantado Araruama - Moda Infantil,,,,,Não está nas redes
Fly Open Mall - Araruama,https://www.flymarketshop.com.br/,Site próprio,,,Já está nas redes
Pernambucanas,https://www.pernambucanas.com.br/?utm_source=google&utm_medium=maps&utm_campaign=icherry255,Site próprio,,,Já está nas redes
Gn Sports - Araruama,,,,,Não está nas redes
Loja Brilho Do Sol moda praia e Indiana,https://www.facebook.com/ljbrilhodosol,Facebook,,,Já está nas redes
Regi Look | Moda Feminina e Acessórios,https://www.instagram.com/regi.look/,Instagram,https://www.instagram.com/regi.look/,,Já está nas redes
Belamar/ Loja de roupa feminina em Bacaxá,https://www.instagram.com/lojabelamar/,Instagram,https://www.instagram.com/lojabelamar/,,Já está nas redes
Ellegance Modas,,,,,Não está nas redes
Vestcasa Araruama,https://vestcasa.com.br/,Site próprio,,,Já está nas redes
Anita Modas,,,,,Não está nas redes
Supermercado Esperança,https://supermercadosesperanca.com.br/,Site próprio,,,Já está nas redes
Supermercado Juzan Bacaxá,https://www.supermercadosjuzan.com.br/encartes,Site próprio,,,Já está nas redes
Banco Bradesco - Agência 1882,http://www.bradesco.com.br/,Site próprio,,,Já está nas redes
Summer Supermercados Saquarema,https://summermais.querovantagens.com/home,Site próprio,,,Já está nas redes
Supermercado Juzan,https://www.supermercadosjuzan.com.br/,Site próprio,,,Já está nas redes
Supermarket Iguaba,https://redesupermarket.com.br/lojas/supermarket-iguaba/,Site próprio,,,Já está nas redes
Supermarket,https://redesupermarket.com.br/lojas/supermarket-saquarema/,Site próprio,,,Já está nas redes
Supermarket São Lucas,https://www.facebook.com/comprenosaolucas/,Facebook,,,Já está nas redes
Supermercados Tinoco,,,,,Não está nas redes
Mercadinho Azul,,,,,Não está nas redes
Supermercado Paraíso,,,,,Não está nas redes
Nova Iguaçu,,,,,Não está nas redes
Supermercado Juzan - Rio da Areia,,,,,Não está nas redes
Mercado Vieira,,,,,Não está nas redes
Nacional Gás Bananeiras,https://sites.google.com/view/portofinogas,Site próprio,,,Já está nas redes
Supermarket Gomes - Bacaxá,http://supermercadogomesbacaxa.yolasite.com/,Site próprio,,,Já está nas redes
Paia seca,,,,,Não está nas redes
Gomes Supermercados - Rio Seco,,,,,Não está nas redes
SALINAS BAR E MERCEARIA,,,,,Não está nas redes
Caipirão do Milho,,,,,Não está nas redes
Mercadinho Val,,,,,Não está nas redes
Robertobcarlos,,,,,Não está nas redes
Banco24Horas,https://www.banco24horas.com.br/,Site próprio,,,Já está nas redes
Nova Aliança Conveniência,,,,,Não está nas redes
Mercado Porto Seguro,http://www.portoseguro.com.br/,Site próprio,,,Já está nas redes
BR Mania Conveniência,https://www.postospetrobras.com.br/aproveite-a-parada/br-mania,Site próprio,,,Já está nas redes
Banco 24 Horas,https://www.banco24horas.com.br/,Site próprio,,,Já está nas redes
Mercado e Padaria Deus Proverá,,,,,Não está nas redes
Banco24Horas,https://www.banco24horas.com.br/,Site próprio,,,Já está nas redes
PADARIA DEUS PROVERA,,,,,Não está nas redes
Beer Express,,,,,Não está nas redes
Gelobidas - delivery de bebidas e gelo (Iguaba e Araruama),https://m.facebook.com/gelobidas.delivery.bebidas.gelo.iguaba/,Facebook,,,Já está nas redes
Cheirin Bão Araruama,https://unidades.cheirinbao.com.br/?_gl=1%2A1m1o4ss%2A_gcl_au%2ANDc1MjgwMzkxLjE3ODUyNDQ3OTg.,Site próprio,,,Já está nas redes
Barateiro das bebidas,,,,,Não está nas redes
MERCEARIA BOA PERNA - O POINT DA SUECA,,,,,Não está nas redes
Mercearia Itatiquara,,,,,Não está nas redes
Mercearia do Cebola,,,,,Não está nas redes
Hiper Granel,https://www.instagram.com/hipergranel/,Instagram,https://www.instagram.com/hipergranel/,,Já está nas redes
MERCADO ANDRADE,,,,,Não está nas redes
Mercearia Verde Mar,https://www.facebook.com/mercearia.verdemar,Facebook,,,Já está nas redes
Mercado do Produtor Rural,,,,,Não está nas redes
Armazém do Vinho e queijos.,,,,,Não está nas redes
Bar & Mercearia do Edu,,,,,Não está nas redes
Mercado GPN,,,,,Não está nas redes
Carvalho & Capucho Mercearia / Perfumaria,,,,,Não está nas redes
JP Mercearia,,,,,Não está nas redes
Padaria e mercearia vila Canaã,,,,,Não está nas redes
Bar e Mercearia do TIÃO (Banqueiros),,,,,Não está nas redes
Mec mercearia,,,,,Não está nas redes
Bar e Mercearia Prodígio,https://instagram.com/barpdg?igshid=YmMyMTA2M2Y=,Instagram,https://instagram.com/barpdg?igshid=YmMyMTA2M2Y=,,Já está nas redes
SuperPreço/SUPERMERCADO PARANÁ,,,,,Não está nas redes
SOEG-Sociedade Expansionista Gonçalense Ltda,,,,,Não está nas redes
Iub Imóveis,,,,,Não está nas redes
Pinguim Imóveis,http://www.pinguimimoveis.com/,Site próprio,,,Já está nas redes
Rosycler corretora de imóveis em Praia seca,https://www.rdsimoveisrj.com.br/,Site próprio,,,Já está nas redes
Residencial Parque das Aroeiras Araruama RJ,,,,,Não está nas redes
Condomínio Sonho de Vida,https://pt-br.facebook.com/residencialsonhodevida/,Facebook,,,Já está nas redes
Thiago Silveira Consultor Imobiliário,http://www.thiagosilveiraimoveis.com.br/,Site próprio,,,Já está nas redes
Condomínio Ocean Park,,,,,Não está nas redes
Araruama (iguabinha),,,,,Não está nas redes
Condomínio Lagoa Azul - Sonho de Vida,https://www.facebook.com/profile.php?id=100070469585706,Facebook,,,Já está nas redes
Paulo Vaz Corretor e Despachante de Imóveis Araruama Região dos Lagos RJ CRECI/RJ: 36156,http://www.paulovazimoveis.com.br/,Site próprio,,,Já está nas redes
Meriam Imóveis,https://www.meriamimoveis.com.br/,Site próprio,,,Já está nas redes
Imobiliária Lara Furtado Imóveis,https://www.instagram.com/larafurtadoimoveis?igsh=cmZmdjZ3ZG5yemxw,Instagram,https://www.instagram.com/larafurtadoimoveis?igsh=cmZmdjZ3ZG5yemxw,,Já está nas redes
IMOBILIÁRIA Nestor Imóveis,http://nestorimobiliaria.com.br/,Site próprio,,,Já está nas redes
Mario Fernandes Imóveis,http://www.mariofernandesimoveis.com.br/,Site próprio,,,Já está nas redes
Jaime Imóveis,https://www.jaimeimoveis.com.br/,Site próprio,,,Já está nas redes
Amarildo Novaes - Corretor de imóveis,http://amarildonovaesimoveis.com.br/,Site próprio,,,Já está nas redes
Marcos Dias corretor de imóveis,https://www.marcosdiascorretor.com/,Site próprio,,,Já está nas redes
Imobiliária Pacheco - Vendas e Alugueis de Imovéis,,,,,Não está nas redes
Bonifácio Imóveis,http://www.bonifacioimoveis.com/,Site próprio,,,Já está nas redes
Mefimoveis,http://mefimoveis.com.br/mobile/,Site próprio,,,Já está nas redes
Condomínio Flamboyants Vertical Flats,https://innsportbr.cfd/condominio-flamboyants-vertica-a0ss35,Site próprio,,,Já está nas redes
Condomínio Village do Sol 1,,,,,Não está nas redes
Praia do Hospicio -Araruama,,,,,Não está nas redes
100%IMÓVEISRJ,http://www.cemporcentoimoveisrj.com.br/,Site próprio,,,Já está nas redes
Calebe Imóveis,https://calebeimoveis.com.br/,Site próprio,,,Já está nas redes
Wb Imóveis,,,,,Não está nas redes
Seu Imóvel JR - Praia Seca,https://www.seuimoveljr.com.br/,Site próprio,,,Já está nas redes
Portal Litoral Imóveis,http://www.portallitoralimoveis.com.br/,Site próprio,,,Já está nas redes
Jorge Mota Imóveis,http://www.jorgemotaimoveis.com.br/,Site próprio,,,Já está nas redes
COND. CHEIRO DE MATO,,,,,Não está nas redes
Condominio Portal das Conchas,,,,,Não está nas redes
Vila da Vitória,https://www.facebook.com/viladavitoria,Facebook,,,Já está nas redes
Corretora De Imóveis Suellen Pereira,https://suellenpereiraimoveis.imobbi.com/,Site próprio,,,Já está nas redes
Julio Carneiro Imóveis,,,,,Não está nas redes
Caca Vasconcelos Imoveis,http://www.cacavasconcelosimoveis.com.br/,Site próprio,,,Já está nas redes
Condominio Aldeia 97,,,,,Não está nas redes
Minha casa,,,,,Não está nas redes
Leonardo Brito - Corretor de Imóveis,https://zuleikamendesimoveis.com.br/,Site próprio,,,Já está nas redes
Residencial Barão do Monte Belo,,,,,Não está nas redes
RR Imobiliária,https://rrimobiliariasv.com.br/,Site próprio,,,Já está nas redes
Rubens Imóveis,,,,,Não está nas redes
Guincho Lagos,https://sites.google.com/view/guincholagos/in%C3%ADcio,Site próprio,,,Já está nas redes
# RB Lagos Assisencia LTDA,,,,,Não está nas redes
Gigante Pneus Araruama,https://wa.me/5522974051784,Site próprio,,,Já está nas redes
Auto Elétrica Brasil,,,,,Não está nas redes
Andinho Motos - Oficina e Borracharia,https://wa.me/5522992462664?text=Boa%20tarde%2C%20tenho%20interesse%20em%20um%20servi%C3%A7o%20,Site próprio,,,Já está nas redes
Gigante Pneus Borracharia,,,,,Não está nas redes
Verdão centro automotivo,,,,,Não está nas redes
OFICINA MECANICA DO NANDY,,,,,Não está nas redes
Ricamar Pneus,https://ricamarpneus.com.br/,Site próprio,,,Já está nas redes
Oficina de torno e solda elétrica,,,,,Não está nas redes
New Car Reparadora Automotiva,http://www.reparadoranewcar.com.br/,Site próprio,,,Já está nas redes
Castro's Oficina Mecânica e Lava a Jato,,,,,Não está nas redes
SanderCar,https://www.facebook.com/sandercarararuama,Facebook,,,Já está nas redes
Mecânica do Marquinho,,,,,Não está nas redes
Wendel do gnv manutenção e instalação de gnv Oficina homólogada pelo inmetro,,,,,Não está nas redes
BSX Performace,https://bit.ly/BSXPERFORMACE,Site próprio,,,Já está nas redes
OFICINA CASTILHÃO,,,,,Não está nas redes
Maurolagos Auto Mecânica,,,,,Não está nas redes
Edu Centro Automotivo Mecânica avançada & Auto Peças,https://instagram.com/edu_centro_automotivo?igshid=YmMyMTA2M2Y=,Instagram,https://instagram.com/edu_centro_automotivo?igshid=YmMyMTA2M2Y=,,Já está nas redes
MARCELLO REPARAÇÕES AUTOMOTIVAS,,,,,Não está nas redes
Dg mecânica,,,,,Não está nas redes
Oficina de Motos Charles Store,,,,,Não está nas redes
Oficina do Jorge - Lanternagem e Pintura,,,,,Não está nas redes
L&L Mecânica,,,,,Não está nas redes
Auto mecânica chiquinho,,,,,Não está nas redes
Centro Automotivo,,,,,Não está nas redes
HF CENTRO AUTOMOTIVO,,,,,Não está nas redes
Mecânica - Auto Elétrica - Gnv Maurício,,,,,Não está nas redes
FUNILARIA.COM,,,,,Não está nas redes
MecTech Mecânica Técnica,,,,,Não está nas redes
Campos Lanternagem e Pintura,,,,,Não está nas redes
Oficina mecânica km 30,,,,,Não está nas redes
Mecânico Anselmo,,,,,Não está nas redes
Auto Pecas Original Import,,,,,Não está nas redes
GRUPO ARARUAMA DE NARCÓTICOS ANÔNIMOS,http://www.na.org.br/,Site próprio,,,Já está nas redes
"Av. Nilo Peçanha, 540 - Lj 04",,,,,Não está nas redes
Rede Nova Farma - Praia Seca,http://novamaisfarmaredelagos.my.canva.site/site-rede-lagos,Site próprio,,,Já está nas redes
Farmácia do Povo,,,,,Não está nas redes
Drogaria Econômica,,,,,Não está nas redes
Farmacia Mutirao,,,,,Não está nas redes
Drogarias Unilagos,http://www.drogariasunilagos.com.br/,Site próprio,,,Já está nas redes
Drogarias Unilagos,http://www.drogariasunilagos.com.br/,Site próprio,,,Já está nas redes
Drogarias Araruama,https://m.facebook.com/drogariasararuama/,Facebook,,,Já está nas redes
Real Farma,,,,,Não está nas redes
Drogarias Unilagos,http://www.drogariasunilagos.com.br/,Site próprio,,,Já está nas redes
Drogarias Unilagos,http://www.drogariasunilagos.com.br/,Site próprio,,,Já está nas redes
Forte Farma,,,,,Não está nas redes
Drogarias Araruama Galop,https://drogariasararuama.com.br/,Site próprio,,,Já está nas redes
Drogaria Nova Farma - Estação Iguaba,https://www.instagram.com/redenovafarmaoficial/,Instagram,https://www.instagram.com/redenovafarmaoficial/,,Já está nas redes
Drogarias Alexandre,http://www.drogariasalexandre.com.br/,Site próprio,,,Já está nas redes
Drogarias Medique | Farmácia em Iguaba Grande,,,,,Não está nas redes
Drogarias Medique | Iguaba Grande Centro,,,,,Não está nas redes
"Farmácia e Drogaria Cristal - Bacaxá, Saquarema",,,,,Não está nas redes
Drogarias Unilagos,http://www.drogariasunilagos.com.br/,Site próprio,,,Já está nas redes
Rede Inova Drogarias Mônica Bacaxá,,,,,Não está nas redes
Drogaria Hiper Popular,http://novamaisfarmaredelagos.my.canva.site/site-rede-lagos,Site próprio,,,Já está nas redes
Drogaria Nova farma Centro Iguaba,https://www.instagram.com/redenovafarmaoficial/,Instagram,https://www.instagram.com/redenovafarmaoficial/,,Já está nas redes
Drogarias Alexandre,http://www.drogariasalexandre.com.br/,Site próprio,,,Já está nas redes
Drogaria Rede lagos - Bacaxá,http://novamaisfarmaredelagos.my.canva.site/site-rede-lagos,Site próprio,,,Já está nas redes
DROGARIA COUTO,,,,,Não está nas redes
Drogalagos (Praia),,,,,Não está nas redes
Drogaria SaudeMaxx,,,,,Não está nas redes
DROGA RAIA,,,,,Não está nas redes
CityFarma,http://www.cityfarma.com.br/,Site próprio,,,Já está nas redes
Drogaria Econômica De Saquarema,,,,,Não está nas redes
Drogaria Miramar Saquarema,,,,,Não está nas redes
Drogaria Moderna,http://www.drogariamoderna.com.br/,Site próprio,,,Já está nas redes
Drogaria Unilagos Bacaxá,http://www.drogariasunilagos.com.br/,Site próprio,,,Já está nas redes
PHARMA OCEÂNICA - FARMÁCIA PRAIA SECA,https://wa.me/qr/KDOBYSN47XYJE1,Site próprio,,,Já está nas redes
Drogaria Praia Seca,,,,,Não está nas redes
"Drogarias Tamoio Araruama: Medicamentos, Genérico, Delivery",http://www.drogariastamoio.com.br/,Site próprio,,,Já está nas redes
Drugstore Lagoon Iguaba,,,,,Não está nas redes
Drogaria Max - Iguaba Grande,http://www.drogariasmaxonline.com.br/,Site próprio,,,Já está nas redes
Rede Nova Farma - Monte Alto,http://novamaisfarmaredelagos.my.canva.site/site-rede-lagos,Site próprio,,,Já está nas redes
DROGARIAS PACHECO,https://www.drogariaspacheco.com.br/,Site próprio,,,Já está nas redes
Drogaria Ideal,,,,,Não está nas redes
Drogarias Romeu,"https://wa.me/5522998132486?text=Ol%C3%A1%20vim%20do%20Google,%20preciso%20de%20atendimento!",Site próprio,,,Já está nas redes
Drogaria Econômica De Bacaxá,,,,,Não está nas redes
FARMÁCIA NOVA ALIANÇA,,,,,Não está nas redes
Drogarias André,https://biolink.website/drogarias.andre,Site próprio,,,Já está nas redes
NOVA FARMA,,,,,Não está nas redes
Drugstore Lagoon Iguaba,,,,,Não está nas redes
Bar-Budo,,,,,Não está nas redes
Drogarias Serra e Mar,,,,,Não está nas redes
Drogaria Verão de Araruama,,,,,Não está nas redes
Nossa Drogaria,,,,,Não está nas redes
Drugstore São Miguel,,,,,Não está nas redes
Rede Lagos - Iguaba,https://l.instagram.com/?u=https://novamaisfarmaredelagos.my.canva.site/site-rede-lagos?fbclid=PAZXh0bgNhZW0CMTEAAaeC1H0mHf2eLmrEJ7jhCzk4RQ2LM9Aj4fElOyFxi6rCA7r5Pd2_78wvW1hhEw_aem_j58c_nXtIo3MKqHu0pcyVw&e=AT0Wf56QmycEpguQen6o968pnqQLPxVrYBFAVLT3w6tSJIgq8wdgXb9pBdU8IkupcRngqnkhp8bexJfeXs9Z-Un5oqTa77K0YDv9xMQKoiIVOZI4vkm72_QXPQ,Instagram,https://l.instagram.com/?u=https://novamaisfarmaredelagos.my.canva.site/site-rede-lagos?fbclid=PAZXh0bgNhZW0CMTEAAaeC1H0mHf2eLmrEJ7jhCzk4RQ2LM9Aj4fElOyFxi6rCA7r5Pd2_78wvW1hhEw_aem_j58c_nXtIo3MKqHu0pcyVw&e=AT0Wf56QmycEpguQen6o968pnqQLPxVrYBFAVLT3w6tSJIgq8wdgXb9pBdU8IkupcRngqnkhp8bexJfeXs9Z-Un5oqTa77K0YDv9xMQKoiIVOZI4vkm72_QXPQ,,Já está nas redes
Farmácia morro grande,,,,,Não está nas redes
City Farma,http://www.cityfarma.com.br/,Site próprio,,,Já está nas redes
Drogaria Solar - Rede Inova,https://linktr.ee/drogariasolar?fbclid=PAZXh0bgNhZW0CMTEAAaeAJqwL-Tt0UTt_TjfsP5nvdTvWht2E98WTItQX3yFI-fYzBO8iCYj1CT4ohg_aem_WkCGex1Xy0LXjP-KJZuXuA,Site próprio,,,Já está nas redes
Apart-Hotel Marinas da Lagoa,https://cmmcturismo.com/pt/nossos-hoteis/saquarema,Site próprio,,,Já está nas redes
Recanto Meu Sossego - Suítes,https://www.instagram.com/recantomeusossego?igsh=cGtncnFuOHY0d25t&utm_source=qr,Instagram,https://www.instagram.com/recantomeusossego?igsh=cGtncnFuOHY0d25t&utm_source=qr,,Já está nas redes
Espaço Nômade Suites & Bangalôs,http://www.kitenomade.com.br/,Site próprio,,,Já está nas redes
Casa Vilatur Beach,https://www.instagram.com/casa_vilaturbeach/,Instagram,https://www.instagram.com/casa_vilaturbeach/,,Já está nas redes
Pousada Beach,,,,,Não está nas redes
iguaba palace hotel,,,,,Não está nas redes
Pousada Recanto da Vovó Dorinha,,,,,Não está nas redes
Ítaca Loft - aluguel de temporada,https://www.airbnb.com.br/rooms/1535535243997491472?viralityEntryPoint=1&s=76,Site próprio,,,Já está nas redes
Village Vilatur,https://bio.site/villagevilatur?fbclid=PAZXh0bgNhZW0CMTEAAaaYb_wCsJjAPTGm1tFXDSe1puDV5_-nybTjcc2HwO9T3ptI2DDvhwl4JbI_aem_zTGSCA19nOASy1ZpXiUYDw,Site próprio,,,Já está nas redes
Pousada Recanto do Quati,,,,,Não está nas redes
Suites Paraiso do Sol,,,,,Não está nas redes
Pousada Coqueiros da Lagoa,,,,,Não está nas redes
Felicidade in Front Sea - Aluguel de suítes e quartos,http://www.felicidadeinfrontsea.com/,Site próprio,,,Já está nas redes
Pousada 21,,,,,Não está nas redes
Pousada Baía do Sol,,,,,Não está nas redes
Pousada Lírios da Vila,,,,,Não está nas redes
Pousada Spazio San José,,,,,Não está nas redes
Chiletto & Neves Hostel,,,,,Não está nas redes
The Spot - Arraial do Cabo,,,,,Não está nas redes
Arraial caminho de Moisés hospedagem,https://book.securebookings.net/roomrate?id=197b18be-e566-1764100011-4c73-bc36-c3c435e318ec&lang=br,Site próprio,,,Já está nas redes
POUSADA DO ZEZINHO,https://www.instagram.com/pousadadozezinhosaquaremarj?igsh=MWZtanN1c21uNHZpcQ==,Instagram,https://www.instagram.com/pousadadozezinhosaquaremarj?igsh=MWZtanN1c21uNHZpcQ==,,Já está nas redes
Pousada Das Flores 2,,,,,Não está nas redes
J. G. de Araruama Serviços de Hotelaria,,,,,Não está nas redes
Hostel Yellow House,,,,,Não está nas redes
Pousada das Conchas,https://instagram.com/pousadadasconchas?igshid=YmMyMTA2M2Y=,Instagram,https://instagram.com/pousadadasconchas?igshid=YmMyMTA2M2Y=,,Já está nas redes
Pousada Caminho do Mirante,https://www.instagram.com/caminhodomirantehospedagem?igsh=MXQzcGkzNWU1dGoxZQ==,Instagram,https://www.instagram.com/caminhodomirantehospedagem?igsh=MXQzcGkzNWU1dGoxZQ==,,Já está nas redes
Villas Romanas,,,,,Não está nas redes
Pousada das Andorinhas,https://pousadadasandorinhas.com.br/,Site próprio,,,Já está nas redes
Pousada HHBC,,,,,Não está nas redes
Condomínio da Pousada Amarela,,,,,Não está nas redes
Casa em Iguaba Grande - RJ 1,,,,,Não está nas redes
Pousada Duartes,http://linkbio.co/Duartespousada,Site próprio,,,Já está nas redes
Pousadinha da família,,,,,Não está nas redes
Pousada Saigon,,,,,Não está nas redes
Pousada Alemanha,,,,,Não está nas redes
Pousada JOMAR,,,,,Não está nas redes
Pousada Massambaba,,,,,Não está nas redes
VIVER Pousada Club & Restaurante,https://pousadaviver.com.br/,Site próprio,,,Já está nas redes
Pousada Airumã,https://guesttopbr.cfd/pousada-airuma-5o3i42,Site próprio,,,Já está nas redes
Pousada Itauna Inn,http://www.itaunainn.com.br/,Site próprio,,,Já está nas redes
Pousada das Garcas,https://pousadagarcas.com.br/,Site próprio,,,Já está nas redes
Pousada Residencial TRÊS ESTAÇÕES,https://www.booking.com/Pulse-daGCjw,Site próprio,,,Já está nas redes
Taise Mota Advocacia,,,,,Não está nas redes
Pêssoa e Potthoff - Advogado Araruama,,,,,Não está nas redes
Escritório Advocacia,,,,,Não está nas redes
"ADS - ARAÚJO, DONNI E SÁ - ADVOCACIA PREVENTIVA E CONTENCIOSA",,,,,Não está nas redes
Lidia Zaniboni & Advogados Associados,,,,,Não está nas redes
Iago Araujo Advogados,https://www.iagoaraujoadvogadocriminalista.com/,Site próprio,,,Já está nas redes
ADVOGADO- Dr. Rafael Nascimento,https://rn7956727.xyz/,Site próprio,,,Já está nas redes
Dra. Monica Cardoso Domingues,,,,,Não está nas redes
ANA PETTI ADVOCACIA,https://instagram.com/anapettiadv?igshid=YmMyMTA2M2Y=,Instagram,https://instagram.com/anapettiadv?igshid=YmMyMTA2M2Y=,,Já está nas redes
Gabriela Brandão Advocacia,https://www.gabrielabrandao.adv.br/,Site próprio,,,Já está nas redes
Mateus Vigna Advocacia & Consultoria Jurídica,,,,,Não está nas redes
Diogenes Ramos Advocacia,http://diogenesramosadvocacia.jur.adv.br/,Site próprio,,,Já está nas redes
Goulart & Corrêa ADVOGADOS,https://www.advogadosgoulartecorrea.com.br/,Site próprio,,,Já está nas redes
Guimaraes Bragança Advogados,,,,,Não está nas redes
Marcia Alves Advocacia,https://www.instagram.com/marciaalvesadvocacia/,Instagram,https://www.instagram.com/marciaalvesadvocacia/,,Já está nas redes
Holanda e Marinho Advocacia,https://holandaemarinhoadv.my.canva.site/holandaemarinhoadv,Site próprio,,,Já está nas redes
Advocacia e Consultoria Jurídica - Direito Trabalhista e Previdenciário - Dra. Cláudia Pereira,,,,,Não está nas redes
Marcelus Goulart Advogado,,,,,Não está nas redes
Renata Flores - Advogada Trabalhista e consultoria jurídica,,,,,Não está nas redes
Regis & Sekiguchi Sociedade de Advogados,https://rssociedadeadvogados.com/,Site próprio,,,Já está nas redes
Marinho & Lopes Advocacia,,,,,Não está nas redes
Centro de Atendimento ao Empreendedor - CAE,,,,,Não está nas redes
M M Contabilidade,https://linklist.bio/MarianadaMata,Site próprio,,,Já está nas redes
ZB Serviços Contábeis Ltda,,,,,Não está nas redes
Crercont Assessoria Contábil,,,,,Não está nas redes
AMANDA BARBOSA ASSESSORIA CONTÁBIL,,,,,Não está nas redes
Lion Consultoria,,,,,Não está nas redes
Transit Assessoria Contábil,http://www.transitcontabilidade.com.br/,Site próprio,,,Já está nas redes
CF Contabilidade,https://cfcontabilidade.com.br/unidades/cf-mahalo/,Site próprio,,,Já está nas redes
Escritório de Contabilidade Daniel Dias - local de entrega para André Luiz Corrêa,,,,,Não está nas redes
Disensa Leão da Construção,,,,,Não está nas redes
PESADÃO Materiais de Construção,,,,,Não está nas redes
ARMAZEM DA CONSTRUÇÃO,,,,,Não está nas redes
"Av. Nilo Peçanha, 640 - Lj 01",,,,,Não está nas redes
"Av. Nilo Peçanha, 472 - Lj 01",,,,,Não está nas redes
"Av. Nilo Peçanha, 540 - Lj 3",,,,,Não está nas redes
"Av. Nilo Peçanha, 640 - Lj 03",,,,,Não está nas redes
Paróquia São Sebastião,https://www.facebook.com/paroquiasaosebastiaoararuama/?rf=222081224640957,Facebook,,,Já está nas redes
"Av. Nilo Peçanha, 581 - Lj 201",,,,,Não está nas redes
"R. Conselheiro Macedo Soares, 46 - Lj 3",,,,,Não está nas redes
PADARIA PARADA DO PASTEL,,,,,Não está nas redes
Naturalis,,,,,Não está nas redes
Padaria viaduto,,,,,Não está nas redes
Delícias da Soso,,,,,Não está nas redes
Saraiva Panificação & Confeitaria,,,,,Não está nas redes
Padaria Marechal,,,,,Não está nas redes
Nancy Pireni Cakes,,,,,Não está nas redes
Padaria E Confeitaria Nova,,,,,Não está nas redes
Doceria Malto Maia - Cafeteria & Doceria,,,,,Não está nas redes
Padaria e confeitaria Maná,,,,,Não está nas redes
Lot Bakery Bread,https://www.facebook.com/Padaria-P%C3%A3o-de-Lo-1638009646411576/,Facebook,,,Já está nas redes
Padaria Bianca,,,,,Não está nas redes
Padaria SDC ( Araruama ),,,,,Não está nas redes
Padaria das Meninas,,,,,Não está nas redes
Padaria do Noely,,,,,Não está nas redes
Padaria Rei do Pão,,,,,Não está nas redes
Padaria da Ponte,https://pt-br.facebook.com/pages/Padaria-da-Ponte/602956156403341,Facebook,,,Já está nas redes
Panificação & Confeitaria Saraiva,,,,,Não está nas redes
Padaria São José,,,,,Não está nas redes
Padaria Alvorada,,,,,Não está nas redes
Padaria Chapolin,,,,,Não está nas redes
Opção,,,,,Não está nas redes
"Sorveteria Xupão - Praia Seca, Desde 1986",https://www.instagram.com/sorveteriaxupao/?hl=pt-br,Instagram,https://www.instagram.com/sorveteriaxupao/?hl=pt-br,,Já está nas redes
Padaria Bela Bel.,,,,,Não está nas redes
Padaria do Gilson,,,,,Não está nas redes
Doces e Gostosuras Paes,,,,,Não está nas redes
Pétalas de Doçura Confeitaria,https://www.ifood.com.br/delivery/araruama-rj/petalas-de-docura-parati/2a79ba8d-ac7a-4e0f-8e6c-c6895d744b2d,Site próprio,,,Já está nas redes
Minimercado e padaria FRAN,,,,,Não está nas redes
Padaria Bem Amigos,,,,,Não está nas redes
Padaria Primícias,,,,,Não está nas redes
Padaria Raquel,,,,,Não está nas redes
Padaria da familia,,,,,Não está nas redes
MERCADO E PADARIA CANTINHO VIP.,,,,,Não está nas redes
Doceria olliveira,https://www.instagram.com/doceria_olliveira?igsh=MTVldXgxMXp0bG8yYw%3D%3D&utm_source=qr,Instagram,https://www.instagram.com/doceria_olliveira?igsh=MTVldXgxMXp0bG8yYw%3D%3D&utm_source=qr,,Já está nas redes
Padaria Pão E cia,,,,,Não está nas redes
Padaria e Mercearia da Graça (Sara Nossa Terra),,,,,Não está nas redes
Iguarias Mineira PR,https://www.instagram.com/horadobiscoitomineiro?igsh=bzlseWFsd2d1MGxz,Instagram,https://www.instagram.com/horadobiscoitomineiro?igsh=bzlseWFsd2d1MGxz,,Já está nas redes
PADARIA E LANCHONETE DA LU,,,,,Não está nas redes
Padaria Da Preta,,,,,Não está nas redes
Padaria e Confeitaria Pão.Com,https://beacons.ai/padariapaopontocom,Site próprio,,,Já está nas redes
DA FAMÍLIA PIZZARIA E PADARIA,,,,,Não está nas redes
Padaria Pais & Filhos,,,,,Não está nas redes
Padaria do Sant'Ana,,,,,Não está nas redes
Padaria da Praga,,,,,Não está nas redes
PADARIA Carlos Brum,,,,,Não está nas redes
DELICIART - Confeitaria,,,,,Não está nas redes
São Vicente,,,,,Não está nas redes
Caleia Padaria,,,,,Não está nas redes
Spazzio Trattoria,,,,,Não está nas redes
Pizzaria Mistura Fina,,,,,Não está nas redes
Pizzaria Aveiro,https://aveiro.pedido.app.br/,Site próprio,,,Já está nas redes
Boteco e Pizzaria Saraiva,,,,,Não está nas redes
BIRICOTICO PRAIA SECA,https://hotmenu.com.br/BiricoTicoPraiaSeca,Site próprio,,,Já está nas redes
Dichocolato pizzaria/Esfiharia,https://app.cardapioweb.com/di_chocolatto?s=cb,Site próprio,,,Já está nas redes
Pizzaria D'Polati,https://linktr.ee/DPolati,Site próprio,,,Já está nas redes
Restaurante Âncora de Praia Seca,https://www.facebook.com/ancora.praiaseca,Facebook,,,Já está nas redes
Pizzaria Do Russo,https://pedido.anota.ai/loja/pizzaria-do-russo-eireli-1?from=site&utm_source=portal-share-btn&referer=https://l.instagram.com/,Instagram,https://pedido.anota.ai/loja/pizzaria-do-russo-eireli-1?from=site&utm_source=portal-share-btn&referer=https://l.instagram.com/,,Já está nas redes
Nada com nada,,,,,Não está nas redes
Hummm! Pizzas - Saquarema Bacaxá,https://deliverydireto.com.br/hummmpizzas/saquarema?dd=from-brand&dd=menu,Site próprio,,,Já está nas redes
Shilo Pizzaria,https://pedido.anota.ai/loja/shilo-pizzaria?f=msa,Site próprio,,,Já está nas redes
Bittenca's Pizzas,,,,,Não está nas redes
Pizzaria Don Diego,,,,,Não está nas redes
Di Chocolatto,,,,,Não está nas redes
La Bodeguita - Restaurante e Pizzaria em Praia Seca,http://www.praiaseca.com.br/comercio/comercio.html,Site próprio,,,Já está nas redes
Zap Forneria,,,,,Não está nas redes
Pizzaria Rio D' Areia,,,,,Não está nas redes
Senhor Batata,https://senhorbatata.deeliv.app/,Site próprio,,,Já está nas redes
Rodízio,,,,,Não está nas redes
Da orla bar e petiscaria,https://instagram.com/daorla_bar?igshid=OGQ5ZDc2ODk2ZA==,Instagram,https://instagram.com/daorla_bar?igshid=OGQ5ZDc2ODk2ZA==,,Já está nas redes
Sabor a Vista Iguaba Grande,,,,,Não está nas redes
Dom Luiz Mussarello Pizzaria,,,,,Não está nas redes
Pizza Etc - Iguaba Grande,,,,,Não está nas redes
Pizza Araruama Donapolo,https://www.ifood.com.br/delivery/araruama-rj/pizza-araruama-donapolo-bananeiras/39d3baa5-eaf8-4bef-962e-923ef1245dfb?utm_medium=share,Site próprio,,,Já está nas redes
Vicente Restaurante e Pizzaria,,,,,Não está nas redes
Pizzaria Barbosa,,,,,Não está nas redes
Ademir e Família,,,,,Não está nas redes
Pizzaria D.lukas,,,,,Não está nas redes
